query_genus,clade,n_proteins,strain_id,species,locality,habitat,latitude,longitude,elevation,sampling_site,region,marine
Flavobacterium,Bacteria,105,PAMC 20901,Flavobacterium sp.,Ny-Ålesund/Svalbard/Norway,unknown,78.55,11.53,,Sediment 2 of King's Bay Environment Temperature(°C) pH Salinity(ppt) Habitat unknown Host Culture conditions Media ZoBe,Arctic,False
Flavobacterium,Bacteria,105,PAMC 20912,Flavobacterium sp.,Ny-Ålesund/Svalbard/Norway,unknown,78.55,11.53,,Sediment 2 of King's Bay Environment Temperature(°C) pH Salinity(ppt) Habitat unknown Host Culture conditions Media ZoBe,Arctic,False
Flavobacterium,Bacteria,105,PAMC 20931,Flavobacterium degerlachei,Ny-Ålesund/Svalbard/Norway,Sediment (marine),78.55,11.53,,Sediment 2 of King's Bay Environment Temperature(°C) pH Salinity(ppt) Habitat unknown Host Culture conditions Media ZoBe,Arctic,True
Flavobacterium,Bacteria,105,PAMC 20937,Flavobacterium degerlachei,Ny-Ålesund/Svalbard/Norway,Sediment (marine),78.55,11.53,,Sediment 2 of King's Bay Environment Temperature(°C) pH Salinity(ppt) Habitat unknown Host Culture conditions Media ZoBe,Arctic,True
Flavobacterium,Bacteria,105,PAMC 22147,Flavobacterium sp.,Ny-Ålesund/Svalbard/Norway/Europe,Sediment (marine),78.92267,11.89147,,Environment Temperature(°C) pH Salinity(ppt) Habitat Sediment (marine) Host Culture conditions Media ZoBell agar [2] Tem,Arctic,True
Flavobacterium,Bacteria,105,PAMC 22212,Flavobacterium sp.,Ny-Ålesund/Svalbard/Norway/Europe,Sediment (marine),78.92267,11.89147,,Environment Temperature(°C) pH Salinity(ppt) Habitat Sediment (marine) Host Culture conditions Media ZoBell agar [2] Tem,Arctic,True
Flavobacterium,Bacteria,105,PAMC 22217,Flavobacterium frigoris,Ny-Ålesund/Svalbard/Norway/Europe,Sediment (marine),78.92267,11.89147,,Environment Temperature(°C) pH Salinity(ppt) Habitat Sediment (marine) Host Culture conditions Media ZoBell agar [2] Tem,Arctic,True
Flavobacterium,Bacteria,105,PAMC 22236,Flavobacterium frigidarium,Kongsfijorden 선착장/Ny-Ålesund/Svalbard/Norway/Europe,Biofilm,78.92267,11.89147,,Environment Temperature(°C) pH Salinity(ppt) Habitat Biofilm Host Culture conditions Media ZoBell agar [2] Temperature(°,Arctic,False
Flavobacterium,Bacteria,105,PAMC 22248,Flavobacterium frigidarium,Kongsfijorden 선착장/Ny-Ålesund/Svalbard/Norway/Europe,Biofilm,78.92267,11.89147,,Environment Temperature(°C) pH Salinity(ppt) Habitat Biofilm Host Culture conditions Media ZoBell agar [2] Temperature(°,Arctic,False
Flavobacterium,Bacteria,105,PAMC 22255,Flavobacterium sp.,Kongsfijorden 선착장/Ny-Ålesund/Svalbard/Norway/Europe,Biofilm,78.92267,11.89147,,Environment Temperature(°C) pH Salinity(ppt) Habitat Biofilm Host Culture conditions Media ZoBell agar [2] Temperature(°,Arctic,False
Flavobacterium,Bacteria,105,PAMC 22311,Flavobacterium sp.,Kongsfijorden 선착장/Ny-Ålesund/Svalbard/Norway/Europe,Biofilm,78.92267,11.89147,,Environment Temperature(°C) pH Salinity(ppt) Habitat Biofilm Host Culture conditions Media ZoBell agar [2] Temperature(°,Arctic,False
Flavobacterium,Bacteria,105,PAMC 22313,Flavobacterium degerlachei,Kongsfijorden 선착장/Ny-Ålesund/Svalbard/Norway/Europe,Biofilm,78.92267,11.89147,,Environment Temperature(°C) pH Salinity(ppt) Habitat Biofilm Host Culture conditions Media ZoBell agar [2] Temperature(°,Arctic,False
Flavobacterium,Bacteria,105,PAMC 25122,Flavobacterium gelidilacus,제주도 남단 이어도 해상 과학기지/Ieodo/Jeju Island/Korea/Asia,Water (sea),32.0,126.0,,Environment Temperature(°C) pH Salinity(ppt) Habitat Water (sea) Host Culture conditions Media R2A agar [6] Temperature(,Other,True
Flavobacterium,Bacteria,105,PAMC 25123,Flavobacterium gelidilacus,제주도 남단 이어도 해상 과학기지/Ieodo/Jeju Island/Korea/Asia,Water (sea),32.0,126.0,,Environment Temperature(°C) pH Salinity(ppt) Habitat Water (sea) Host Culture conditions Media R2A agar [6] Temperature(,Other,True
Flavobacterium,Bacteria,105,PAMC 25125,Flavobacterium gelidilacus,제주도 남단 이어도 해상 과학기지/Ieodo/Jeju Island/Korea/Asia,Water (sea),32.0,126.0,,Environment Temperature(°C) pH Salinity(ppt) Habitat Water (sea) Host Culture conditions Media R2A agar [6] Temperature(,Other,True
Flavobacterium,Bacteria,105,PAMC 25146,Flavobacterium weaverense,제주도 남단 이어도 해상 과학기지/Ieodo/Jeju Island/Korea/Asia,Water (sea),32.0,126.0,,Environment Temperature(°C) pH Salinity(ppt) Habitat Water (sea) Host Culture conditions Media R2A agar [6] Temperature(,Other,True
Flavobacterium,Bacteria,105,PAMC 25149,Flavobacterium sp.,세종기지/펭귄마을 오르기전 해안/Barton Peninsula/King George Island/South Shetland Islands/Antarctica,Water (sea),-62.2334,-58.77642,,펭귄들의 이동 통로 Environment Temperature(°C) pH Salinity(ppt) Habitat Water (sea) Host Culture conditions Media R2A agar [6] >,Antarctic,True
Flavobacterium,Bacteria,105,PAMC 25151,Flavobacterium degerlachei,세종기지/펭귄마을 방향 해안가 바위 위/Barton Peninsula/King George Island/South Shetland Islands/Antarctica,Water (sea),-62.22418,-58.7859,,수위가 높을때 들어온 해수가 정체되어 있는 곳 Environment Temperature(°C) pH Salinity(ppt) Habitat Water (sea) Host Culture conditions Media,Antarctic,True
Flavobacterium,Bacteria,105,PAMC 25152,Flavobacterium sp.,세종기지/촛대바위 지나 연결된 해안/Barton Peninsula/King George Island/South Shetland Islands/Antarctica,Water (fresh),-62.23733,-58.74273,,스쿠아 목욕탕이라 불리는 곳 Environment Temperature(°C) pH Salinity(ppt) Habitat Water (fresh) Host Culture conditions Media R2A aga,Antarctic,False
Flavobacterium,Bacteria,105,PAMC 25153,Flavobacterium sp.,세종기지/촛대바위 지나 연결된 해안/Barton Peninsula/King George Island/South Shetland Islands/Antarctica,Water (fresh),-62.23733,-58.74273,,스쿠아 목욕탕이라 불리는 곳 Environment Temperature(°C) pH Salinity(ppt) Habitat Water (fresh) Host Culture conditions Media R2A aga,Antarctic,False
Flavobacterium,Bacteria,105,PAMC 25160,Flavobacterium sp.,세종기지/펭귄마을 방향 해안가 바위 위/Barton Peninsula/King George Island/South Shetland Islands/Antarctica,Water (sea),-62.22418,-58.7859,,수위가 높을때 들어온 해수가 정체되어 있는 곳 Environment Temperature(°C) pH Salinity(ppt) Habitat Water (sea) Host Culture conditions Media,Antarctic,True
Flavobacterium,Bacteria,105,PAMC 25165,Flavobacterium degerlachei,세종기지/펭귄마을 방향 해안가 바위 위/Barton Peninsula/King George Island/South Shetland Islands/Antarctica,Water (sea),-62.22418,-58.7859,,수위가 높을때 들어온 해수가 정체되어 있는 곳 Environment Temperature(°C) pH Salinity(ppt) Habitat Water (sea) Host Culture conditions Media,Antarctic,True
Flavobacterium,Bacteria,105,PAMC 25178,Flavobacterium sp.,세종기지/펭귄마을 방향 해안가 바위 위/Barton Peninsula/King George Island/South Shetland Islands/Antarctica,Water (sea),-62.22418,-58.7859,,수위가 높을때 들어온 해수가 정체되어 있는 곳 Environment Temperature(°C) pH Salinity(ppt) Habitat Water (sea) Host Culture conditions Media,Antarctic,True
Flavobacterium,Bacteria,105,PAMC 25282,Flavobacterium sp.,세종기지/촛대바위 지나 연결된 해안/Barton Peninsula/King George Island/South Shetland Islands/Antarctica,Water (fresh),-62.23733,-58.74273,,스쿠아 목욕탕이라 불리는 곳 Environment Temperature(°C) pH Salinity(ppt) Habitat Water (fresh) Host Culture conditions Media R2A aga,Antarctic,False
Flavobacterium,Bacteria,105,PAMC 25516,Flavobacterium sp.,"Ny-Alesund, Spitsbergen, Norway/Ny-Ålesund/Svalbard/Norway/Europe",Soil (terrestrial),78.91237,11.95708,,"타운에서 동쪽길(사격장 아래)끝, 폐광 목재더미 Environment Temperature(°C) pH Salinity(ppt) Habitat Soil (terrestrial) Host Culture conditio",Arctic,False
Flavobacterium,Bacteria,105,PAMC 25666,Flavobacterium xinjiangense,"Pasterze - Großglockner,Hohe Tauern/Innsbruck/Tyrol/Austria/Europe",Cryoconite,47.04,12.41,2200,human impact,Alpine,False
Flavobacterium,Bacteria,105,PAMC 25786,Flavobacterium xinjiangense,"Pitztaler Jöchl Ferner, Ötztaler Alps/Innsbruck/Tyrol/Austria/Europe",Cryoconite,47.04,12.41,2875,human impact,Alpine,False
Flavobacterium,Bacteria,105,PAMC 25825,Flavobacterium xinjiangense,"Pitztaler Jöchl Ferner, Ötztaler Alps/Innsbruck/Tyrol/Austria/Europe",Cryoconite,47.04,12.41,2875,human impact,Alpine,False
Flavobacterium,Bacteria,105,PAMC 25873,Flavobacterium xinjiangense,"Pitztaler Jöchl Ferner, Ötztaler Alps/Innsbruck/Tyrol/Austria/Europe",Cryoconite,47.04,12.41,2875,human impact,Alpine,False
Flavobacterium,Bacteria,105,PAMC 25907,Flavobacterium xinjiangense,Zugspitze - Zugspitz glacier/Innsbruck/Tyrol/Austria/Europe,Cryoconite,47.04,12.41,2620,human impact,Alpine,False
Flavobacterium,Bacteria,105,PAMC 26295,Flavobacterium succinicans,Mongol/Asia,Fresh water,,,,Environment Temperature(°C) pH Salinity(ppt) Habitat Fresh water Host Culture conditions Media 0.2X R2A agar [64] Temper,Other,False
Flavobacterium,Bacteria,105,PAMC 26836,Flavobacterium sp.,Yakutia/Russia/Europe,Terrestrial soil,,,,Environment Temperature(°C) pH Salinity(ppt) Habitat Terrestrial soil Host Culture conditions Media Selection media1 [92,Other,False
Flavobacterium,Bacteria,105,PAMC 27098,Flavobacterium sp.,Ross sea/Antarctica,Sea sediment,,,,Environment Temperature(°C) 7.74 pH -2.2 Salinity(ppt) 15 Habitat Sea sediment Host Culture conditions Media Marine agar,Antarctic,True
Flavobacterium,Bacteria,105,PAMC 27099,Flavobacterium sp.,Ross sea/Antarctica,Sea sediment,,,,Environment Temperature(°C) 7.74 pH -2.2 Salinity(ppt) 15 Habitat Sea sediment Host Culture conditions Media Marine agar,Antarctic,True
Flavobacterium,Bacteria,105,PAMC 27101,Flavobacterium sp.,Ross sea/Antarctica,Sea sediment,,,,Environment Temperature(°C) 7.74 pH -2.2 Salinity(ppt) 15 Habitat Sea sediment Host Culture conditions Media Marine agar,Antarctic,True
Flavobacterium,Bacteria,105,PAMC 27102,Flavobacterium sp.,Ross sea/Antarctica,Sea sediment,,,,Environment Temperature(°C) 7.74 pH -2.2 Salinity(ppt) 15 Habitat Sea sediment Host Culture conditions Media Marine agar,Antarctic,True
Flavobacterium,Bacteria,105,PAMC 27103,Flavobacterium gelidilacus,Ross sea/Antarctica,Sea sediment,,,,Environment Temperature(°C) 7.74 pH -2.2 Salinity(ppt) 15 Habitat Sea sediment Host Culture conditions Media Marine agar,Antarctic,True
Flavobacterium,Bacteria,105,PAMC 27115,Flavobacterium sp.,Ross sea/Antarctica,Sea sediment,,,,Environment Temperature(°C) 7.74 pH -2.2 Salinity(ppt) 15 Habitat Sea sediment Host Culture conditions Media Marine agar,Antarctic,True
Flavobacterium,Bacteria,105,PAMC 27122,Flavobacterium sp.,Ross sea/Antarctica,Sea sediment,,,,Environment Temperature(°C) 7.74 pH -2.2 Salinity(ppt) 15 Habitat Sea sediment Host Culture conditions Media Marine agar,Antarctic,True
Flavobacterium,Bacteria,105,PAMC 27123,Flavobacterium sp.,Ross sea/Antarctica,Sea sediment,,,,Environment Temperature(°C) 7.74 pH -2.2 Salinity(ppt) 15 Habitat Sea sediment Host Culture conditions Media Marine agar,Antarctic,True
Flavobacterium,Bacteria,105,PAMC 27124,Flavobacterium sp.,Ross sea/Antarctica,Sea sediment,,,,Environment Temperature(°C) 7.74 pH -2.2 Salinity(ppt) 15 Habitat Sea sediment Host Culture conditions Media Marine agar,Antarctic,True
Flavobacterium,Bacteria,105,PAMC 27125,Flavobacterium sp.,Ross sea/Antarctica,Sea sediment,,,,Environment Temperature(°C) 7.74 pH -2.2 Salinity(ppt) 15 Habitat Sea sediment Host Culture conditions Media Marine agar,Antarctic,True
Flavobacterium,Bacteria,105,PAMC 27131,Flavobacterium sp.,Ross sea/Antarctica,Sea sediment,,,,Environment Temperature(°C) 7.74 pH -2.2 Salinity(ppt) 15 Habitat Sea sediment Host Culture conditions Media Marine agar,Antarctic,True
Flavobacterium,Bacteria,105,PAMC 27133,Flavobacterium sp.,Ross sea/Antarctica,Sea sediment,,,,Environment Temperature(°C) 7.74 pH -2.2 Salinity(ppt) 15 Habitat Sea sediment Host Culture conditions Media Marine agar,Antarctic,True
Flavobacterium,Bacteria,105,PAMC 27134,Flavobacterium sp.,Ross sea/Antarctica,Sea sediment,,,,Environment Temperature(°C) 7.74 pH -2.2 Salinity(ppt) 15 Habitat Sea sediment Host Culture conditions Media Marine agar,Antarctic,True
Flavobacterium,Bacteria,105,PAMC 27207,Flavobacterium sp.,Ross sea/Antarctica,Sea sediment,,,,Environment Temperature(°C) 7.74 pH -2.2 Salinity(ppt) 15 Habitat Sea sediment Host Culture conditions Media Marine agar,Antarctic,True
Flavobacterium,Bacteria,105,PAMC 27227,Flavobacterium gelidilacus,Ross sea/Antarctica,Sea sediment,,,,Environment Temperature(°C) 7.74 pH -2.2 Salinity(ppt) 15 Habitat Sea sediment Host Culture conditions Media Marine agar,Antarctic,True
Flavobacterium,Bacteria,105,PAMC 27290,Flavobacterium aquidurense,King George Island/South Shetland Islands/Antarctica,Terrestrial soil,,,,Environment Temperature(°C) pH Salinity(ppt) Habitat Terrestrial soil Host Culture conditions Media MSB+Xylan agar or Hu,Antarctic,False
Flavobacterium,Bacteria,105,PAMC 27380,Flavobacterium frigidarium,Barton Peninsula/King George Island/South Shetland Islands/Antarctica,Sea water,-62.21967,-58.78667,,Environment Temperature(°C) pH Salinity(ppt) Habitat Sea water Host Culture conditions Media R2A agar [6] Temperature(°C,Antarctic,True
Flavobacterium,Bacteria,105,PAMC 27384,Flavobacterium hydatis,Ardley Island/South Shetland Islands/Antarctica,Lichen,-62.2065,-58.9205,,Environment Temperature(°C) pH Salinity(ppt) Habitat Lichen Host Culture conditions Media R2A agar [6] Temperature(°C) p,Antarctic,False
Flavobacterium,Bacteria,105,PAMC 27425,Flavobacterium sp.,Barton Peninsula/King George Island/South Shetland Islands/Antarctica,Terrestrial soil,-62.21967,-58.78667,,Environment Temperature(°C) pH Salinity(ppt) Habitat Sea water Host Culture conditions Media R2A agar [6] Temperature(°C,Antarctic,False
Flavobacterium,Bacteria,105,PAMC 27426,Flavobacterium sp.,Barton Peninsula/King George Island/South Shetland Islands/Antarctica,Terrestrial soil,-62.21967,-58.78667,,Environment Temperature(°C) pH Salinity(ppt) Habitat Sea water Host Culture conditions Media R2A agar [6] Temperature(°C,Antarctic,False
Flavobacterium,Bacteria,105,PAMC 27427,Flavobacterium sp.,Barton Peninsula/King George Island/South Shetland Islands/Antarctica,Terrestrial soil,-62.21967,-58.78667,,Environment Temperature(°C) pH Salinity(ppt) Habitat Sea water Host Culture conditions Media R2A agar [6] Temperature(°C,Antarctic,False
Flavobacterium,Bacteria,105,PAMC 27456,Flavobacterium sp.,Barton Peninsula/King George Island/South Shetland Islands/Antarctica,Terrestrial soil,-62.21967,-58.78667,,Environment Temperature(°C) pH Salinity(ppt) Habitat Sea water Host Culture conditions Media R2A agar [6] Temperature(°C,Antarctic,False
Flavobacterium,Bacteria,105,PAMC 28614,Flavobacterium sp.,Midtre Lovenbreen/Svalbard/Norway/Europe,Terrestrial soil,,,,Environment Temperature(°C) pH Salinity(ppt) Habitat Terrestrial soil Host Culture conditions Media Temperature(°C) pH A,Arctic,False
Cryobacterium,Bacteria,34,PAMC 27129,Cryobacterium psychrotolerans,Ross sea/Antarctica,Sea sediment,,,,Environment Temperature(°C) 7.74 pH -2.2 Salinity(ppt) 15 Habitat Sea sediment Host Culture conditions Media Marine agar,Antarctic,True
Cryobacterium,Bacteria,34,PAMC 27841,Cryobacterium arcticum,Northern Victoria Land (NVL)/Antarctica,Rock,-72.69727,165.99457,-,Environment Temperature(°C) pH Salinity(ppt) Habitat Rock Host Culture conditions Media Temperature(°C) pH Aeration aero,Antarctic,False
Cryobacterium,Bacteria,34,PAMC 27849,Cryobacterium arcticum,Northern Victoria Land (NVL)/Antarctica,Rock,-72.69727,165.99457,-,Environment Temperature(°C) pH Salinity(ppt) Habitat Rock Host Culture conditions Media Temperature(°C) pH Aeration aero,Antarctic,False
Cryobacterium,Bacteria,34,PAMC 27853,Cryobacterium arcticum,Northern Victoria Land (NVL)/Antarctica,Rock,-72.69727,165.99457,-,Environment Temperature(°C) pH Salinity(ppt) Habitat Rock Host Culture conditions Media Temperature(°C) pH Aeration aero,Antarctic,False
Cryobacterium,Bacteria,34,PAMC 27856,Cryobacterium arcticum,Northern Victoria Land (NVL)/Antarctica,Rock,-72.69727,165.99457,-,Environment Temperature(°C) pH Salinity(ppt) Habitat Rock Host Culture conditions Media Temperature(°C) pH Aeration aero,Antarctic,False
Cryobacterium,Bacteria,34,PAMC 27862,Cryobacterium arcticum,Northern Victoria Land (NVL)/Antarctica,Rock,-72.69727,165.99457,-,Environment Temperature(°C) pH Salinity(ppt) Habitat Rock Host Culture conditions Media Temperature(°C) pH Aeration aero,Antarctic,False
Cryobacterium,Bacteria,34,PAMC 27867,Cryobacterium arcticum,Northern Victoria Land (NVL)/Antarctica,Rock,-72.69727,165.99457,-,Environment Temperature(°C) pH Salinity(ppt) Habitat Rock Host Culture conditions Media Temperature(°C) pH Aeration aero,Antarctic,False
Cryobacterium,Bacteria,34,PAMC 27869,Cryobacterium arcticum,Northern Victoria Land (NVL)/Antarctica,Rock,-72.69727,165.99457,-,Environment Temperature(°C) pH Salinity(ppt) Habitat Rock Host Culture conditions Media Temperature(°C) pH Aeration aero,Antarctic,False
Cryobacterium,Bacteria,34,PAMC 27870,Cryobacterium arcticum,Northern Victoria Land (NVL)/Antarctica,Rock,-72.69727,165.99457,-,Environment Temperature(°C) pH Salinity(ppt) Habitat Rock Host Culture conditions Media Temperature(°C) pH Aeration aero,Antarctic,False
Cryobacterium,Bacteria,34,PAMC 27871,Cryobacterium arcticum,Northern Victoria Land (NVL)/Antarctica,Rock,-72.69727,165.99457,-,Environment Temperature(°C) pH Salinity(ppt) Habitat Rock Host Culture conditions Media Temperature(°C) pH Aeration aero,Antarctic,False
Cryobacterium,Bacteria,34,PAMC 27885,Cryobacterium arcticum,Northern Victoria Land (NVL)/Antarctica,Rock,-72.69727,165.99457,-,Environment Temperature(°C) pH Salinity(ppt) Habitat Rock Host Culture conditions Media Temperature(°C) pH Aeration aero,Antarctic,False
Cryobacterium,Bacteria,34,PAMC 27899,Cryobacterium arcticum,Northern Victoria Land (NVL)/Antarctica,Rock,-72.69727,165.99457,-,Environment Temperature(°C) pH Salinity(ppt) Habitat Rock Host Culture conditions Media Temperature(°C) pH Aeration aero,Antarctic,False
Cryobacterium,Bacteria,34,PAMC 27907,Cryobacterium arcticum,Northern Victoria Land (NVL)/Antarctica,Rock,-72.69727,165.99457,-,Environment Temperature(°C) pH Salinity(ppt) Habitat Rock Host Culture conditions Media Temperature(°C) pH Aeration aero,Antarctic,False
Cryobacterium,Bacteria,34,PAMC 27916,Cryobacterium arcticum,Northern Victoria Land (NVL)/Antarctica,Rock,-72.69727,165.99457,-,Environment Temperature(°C) pH Salinity(ppt) Habitat Rock Host Culture conditions Media Temperature(°C) pH Aeration aero,Antarctic,False
Cryobacterium,Bacteria,34,PAMC 27917,Cryobacterium arcticum,Northern Victoria Land (NVL)/Antarctica,Rock,-72.69727,165.99457,-,Environment Temperature(°C) pH Salinity(ppt) Habitat Rock Host Culture conditions Media Temperature(°C) pH Aeration aero,Antarctic,False
Cryobacterium,Bacteria,34,PAMC 27922,Cryobacterium arcticum,Northern Victoria Land (NVL)/Antarctica,Rock,-72.69727,165.99457,-,Environment Temperature(°C) pH Salinity(ppt) Habitat Rock Host Culture conditions Media Temperature(°C) pH Aeration aero,Antarctic,False
Cryobacterium,Bacteria,34,PAMC 27927,Cryobacterium arcticum,Northern Victoria Land (NVL)/Antarctica,Rock,-72.69727,165.99457,-,Environment Temperature(°C) pH Salinity(ppt) Habitat Rock Host Culture conditions Media Temperature(°C) pH Aeration aero,Antarctic,False
Cryobacterium,Bacteria,34,PAMC 27940,Cryobacterium arcticum,Northern Victoria Land (NVL)/Antarctica,Rock,-72.69727,165.99457,-,Environment Temperature(°C) pH Salinity(ppt) Habitat Rock Host Culture conditions Media Temperature(°C) pH Aeration aero,Antarctic,False
Cryobacterium,Bacteria,34,PAMC 27941,Cryobacterium arcticum,Northern Victoria Land (NVL)/Antarctica,Rock,-72.69727,165.99457,-,Environment Temperature(°C) pH Salinity(ppt) Habitat Rock Host Culture conditions Media Temperature(°C) pH Aeration aero,Antarctic,False
Cryobacterium,Bacteria,34,PAMC 27943,Cryobacterium arcticum,Northern Victoria Land (NVL)/Antarctica,Rock,-72.69727,165.99457,-,Environment Temperature(°C) pH Salinity(ppt) Habitat Rock Host Culture conditions Media Temperature(°C) pH Aeration aero,Antarctic,False
Cryobacterium,Bacteria,34,PAMC 27944,Cryobacterium arcticum,Northern Victoria Land (NVL)/Antarctica,Rock,-72.69727,165.99457,-,Environment Temperature(°C) pH Salinity(ppt) Habitat Rock Host Culture conditions Media Temperature(°C) pH Aeration aero,Antarctic,False
Cryobacterium,Bacteria,34,PAMC 27949,Cryobacterium arcticum,Northern Victoria Land (NVL)/Antarctica,Rock,-72.69727,165.99457,-,Environment Temperature(°C) pH Salinity(ppt) Habitat Rock Host Culture conditions Media Temperature(°C) pH Aeration aero,Antarctic,False
Cryobacterium,Bacteria,34,PAMC 27952,Cryobacterium arcticum,Northern Victoria Land (NVL)/Antarctica,Rock,-72.69727,165.99457,-,Environment Temperature(°C) pH Salinity(ppt) Habitat Rock Host Culture conditions Media Temperature(°C) pH Aeration aero,Antarctic,False
Cryobacterium,Bacteria,34,PAMC 27954,Cryobacterium arcticum,Northern Victoria Land (NVL)/Antarctica,Rock,-72.69727,165.99457,-,Environment Temperature(°C) pH Salinity(ppt) Habitat Rock Host Culture conditions Media Temperature(°C) pH Aeration aero,Antarctic,False
Cryobacterium,Bacteria,34,PAMC 27955,Cryobacterium arcticum,Northern Victoria Land (NVL)/Antarctica,Rock,-72.69727,165.99457,-,Environment Temperature(°C) pH Salinity(ppt) Habitat Rock Host Culture conditions Media Temperature(°C) pH Aeration aero,Antarctic,False
Cryobacterium,Bacteria,34,PAMC 27956,Cryobacterium arcticum,Northern Victoria Land (NVL)/Antarctica,Rock,-72.69727,165.99457,-,Environment Temperature(°C) pH Salinity(ppt) Habitat Rock Host Culture conditions Media Temperature(°C) pH Aeration aero,Antarctic,False
Cryobacterium,Bacteria,34,PAMC 27964,Cryobacterium arcticum,Northern Victoria Land (NVL)/Antarctica,Rock,-72.69727,165.99457,-,Environment Temperature(°C) pH Salinity(ppt) Habitat Rock Host Culture conditions Media Temperature(°C) pH Aeration aero,Antarctic,False
Cryobacterium,Bacteria,34,PAMC 27965,Cryobacterium arcticum,Northern Victoria Land (NVL)/Antarctica,Rock,-72.69727,165.99457,-,Environment Temperature(°C) pH Salinity(ppt) Habitat Rock Host Culture conditions Media Temperature(°C) pH Aeration aero,Antarctic,False
Cryobacterium,Bacteria,34,PAMC 27966,Cryobacterium arcticum,Northern Victoria Land (NVL)/Antarctica,Rock,-72.69727,165.99457,-,Environment Temperature(°C) pH Salinity(ppt) Habitat Rock Host Culture conditions Media Temperature(°C) pH Aeration aero,Antarctic,False
Cryobacterium,Bacteria,34,PAMC 27972,Cryobacterium arcticum,Northern Victoria Land (NVL)/Antarctica,Rock,-72.69727,165.99457,-,Environment Temperature(°C) pH Salinity(ppt) Habitat Rock Host Culture conditions Media Temperature(°C) pH Aeration aero,Antarctic,False
Cryobacterium,Bacteria,34,PAMC 27973,Cryobacterium arcticum,Northern Victoria Land (NVL)/Antarctica,Rock,-72.69727,165.99457,-,Environment Temperature(°C) pH Salinity(ppt) Habitat Rock Host Culture conditions Media Temperature(°C) pH Aeration aero,Antarctic,False
Cryobacterium,Bacteria,34,PAMC 27977,Cryobacterium arcticum,Northern Victoria Land (NVL)/Antarctica,Rock,-72.69727,165.99457,-,Environment Temperature(°C) pH Salinity(ppt) Habitat Rock Host Culture conditions Media Temperature(°C) pH Aeration aero,Antarctic,False
Cryobacterium,Bacteria,34,PAMC 27980,Cryobacterium arcticum,Northern Victoria Land (NVL)/Antarctica,Rock,-72.69727,165.99457,-,Environment Temperature(°C) pH Salinity(ppt) Habitat Rock Host Culture conditions Media Temperature(°C) pH Aeration aero,Antarctic,False
Cryobacterium,Bacteria,34,PAMC 27987,Cryobacterium arcticum,Northern Victoria Land (NVL)/Antarctica,Rock,-72.69727,165.99457,-,Environment Temperature(°C) pH Salinity(ppt) Habitat Rock Host Culture conditions Media Temperature(°C) pH Aeration aero,Antarctic,False
Cryobacterium,Bacteria,34,PAMC 27988,Cryobacterium arcticum,Northern Victoria Land (NVL)/Antarctica,Rock,-72.69727,165.99457,-,Environment Temperature(°C) pH Salinity(ppt) Habitat Rock Host Culture conditions Media Temperature(°C) pH Aeration aero,Antarctic,False
Cryobacterium,Bacteria,34,PAMC 28085,Cryobacterium arcticum,Northern Victoria Land (NVL)/Antarctica,Rock,-72.69727,165.99457,-,Environment Temperature(°C) pH Salinity(ppt) Habitat Rock Host Culture conditions Media Temperature(°C) pH Aeration aero,Antarctic,False
Cryobacterium,Bacteria,34,PAMC 28086,Cryobacterium arcticum,Northern Victoria Land (NVL)/Antarctica,Rock,-72.69727,165.99457,-,Environment Temperature(°C) pH Salinity(ppt) Habitat Rock Host Culture conditions Media Temperature(°C) pH Aeration aero,Antarctic,False
Cryobacterium,Bacteria,34,PAMC 28089,Cryobacterium arcticum,Northern Victoria Land (NVL)/Antarctica,Rock,-72.69727,165.99457,-,Environment Temperature(°C) pH Salinity(ppt) Habitat Rock Host Culture conditions Media Temperature(°C) pH Aeration aero,Antarctic,False
Cryobacterium,Bacteria,34,PAMC 28090,Cryobacterium arcticum,Northern Victoria Land (NVL)/Antarctica,Rock,-72.69727,165.99457,-,Environment Temperature(°C) pH Salinity(ppt) Habitat Rock Host Culture conditions Media Temperature(°C) pH Aeration aero,Antarctic,False
Cryobacterium,Bacteria,34,PAMC 28093,Cryobacterium arcticum,Northern Victoria Land (NVL)/Antarctica,Rock,-72.69727,165.99457,-,Environment Temperature(°C) pH Salinity(ppt) Habitat Rock Host Culture conditions Media Temperature(°C) pH Aeration aero,Antarctic,False
Cryobacterium,Bacteria,34,PAMC 28106,Cryobacterium arcticum,Northern Victoria Land (NVL)/Antarctica,Rock,-72.69727,165.99457,-,Environment Temperature(°C) pH Salinity(ppt) Habitat Rock Host Culture conditions Media Temperature(°C) pH Aeration aero,Antarctic,False
Cryobacterium,Bacteria,34,PAMC 28107,Cryobacterium arcticum,Northern Victoria Land (NVL)/Antarctica,Rock,-72.69727,165.99457,-,Environment Temperature(°C) pH Salinity(ppt) Habitat Rock Host Culture conditions Media Temperature(°C) pH Aeration aero,Antarctic,False
Cryobacterium,Bacteria,34,PAMC 28128,Cryobacterium arcticum,Northern Victoria Land (NVL)/Antarctica,Rock,-72.69727,165.99457,-,Environment Temperature(°C) pH Salinity(ppt) Habitat Rock Host Culture conditions Media Temperature(°C) pH Aeration aero,Antarctic,False
Cryobacterium,Bacteria,34,PAMC 28392,Cryobacterium psychrotolerans,Mountain Rwenzori/Western Uganda/Republic of Uganda/Africa,Terrestrial soil,,,,Environment Temperature(°C) pH Salinity(ppt) Habitat Terrestrial soil Host Culture conditions Media Temperature(°C) pH A,Other,False
Cryobacterium,Bacteria,34,PAMC 28393,Cryobacterium psychrotolerans,Mountain Rwenzori/Western Uganda/Republic of Uganda/Africa,Terrestrial soil,,,,Environment Temperature(°C) pH Salinity(ppt) Habitat Terrestrial soil Host Culture conditions Media Temperature(°C) pH A,Other,False
Cryobacterium,Bacteria,34,PAMC 28394,Cryobacterium psychrotolerans 0,Mountain Rwenzori/Western Uganda/Republic of Uganda/Africa,Terrestrial soil,,,,Environment Temperature(°C) pH Salinity(ppt) Habitat Terrestrial soil Host Culture conditions Media Temperature(°C) pH A,Other,False
Cryobacterium,Bacteria,34,PAMC 28410,Cryobacterium psychrotolerans,Mountain Rwenzori/Western Uganda/Republic of Uganda/Africa,Glacial,,,,Environment Temperature(°C) pH Salinity(ppt) Habitat Terrestrial soil Host Culture conditions Media Temperature(°C) pH A,Other,False
Cryobacterium,Bacteria,34,PAMC 28414,Cryobacterium psychrotolerans,Mountain Rwenzori/Western Uganda/Republic of Uganda/Africa,Glacial,,,,Environment Temperature(°C) pH Salinity(ppt) Habitat Terrestrial soil Host Culture conditions Media Temperature(°C) pH A,Other,False
Cryobacterium,Bacteria,34,PAMC 28420,Cryobacterium psychrotolerans,Mountain Rwenzori/Western Uganda/Republic of Uganda/Africa,Glacial,,,,Environment Temperature(°C) pH Salinity(ppt) Habitat Terrestrial soil Host Culture conditions Media Temperature(°C) pH A,Other,False
Cryobacterium,Bacteria,34,PAMC 28421,Cryobacterium psychrotolerans,Mountain Rwenzori/Western Uganda/Republic of Uganda/Africa,Glacial,,,,Environment Temperature(°C) pH Salinity(ppt) Habitat Terrestrial soil Host Culture conditions Media Temperature(°C) pH A,Other,False
Cryobacterium,Bacteria,34,PAMC 28423,Cryobacterium sp.,Mountain Rwenzori/Western Uganda/Republic of Uganda/Africa,Terrestrial soil,,,,Environment Temperature(°C) pH Salinity(ppt) Habitat Terrestrial soil Host Culture conditions Media Temperature(°C) pH A,Other,False
Cryobacterium,Bacteria,34,PAMC 28429,Cryobacterium sp.,Mountain Rwenzori/Western Uganda/Republic of Uganda/Africa,Terrestrial soil,,,,Environment Temperature(°C) pH Salinity(ppt) Habitat Terrestrial soil Host Culture conditions Media Temperature(°C) pH A,Other,False
Cryobacterium,Bacteria,34,PAMC 28432,Cryobacterium sp.,Mountain Rwenzori/Western Uganda/Republic of Uganda/Africa,Terrestrial soil,,,,Environment Temperature(°C) pH Salinity(ppt) Habitat Terrestrial soil Host Culture conditions Media Temperature(°C) pH A,Other,False
Cryobacterium,Bacteria,34,PAMC 28437,Cryobacterium psychrotolerans,Mountain Rwenzori/Western Uganda/Republic of Uganda/Africa,Terrestrial soil,,,,Environment Temperature(°C) pH Salinity(ppt) Habitat Terrestrial soil Host Culture conditions Media Temperature(°C) pH A,Other,False
Cryobacterium,Bacteria,34,PAMC 28476,Cryobacterium sp.,Mountain Rwenzori/Western Uganda/Republic of Uganda/Africa,Glacial,,,,Environment Temperature(°C) pH Salinity(ppt) Habitat Terrestrial soil Host Culture conditions Media Temperature(°C) pH A,Other,False
Cryobacterium,Bacteria,34,PAMC 28478,Cryobacterium sp.,Mountain Rwenzori/Western Uganda/Republic of Uganda/Africa,Glacial,,,,Environment Temperature(°C) pH Salinity(ppt) Habitat Terrestrial soil Host Culture conditions Media Temperature(°C) pH A,Other,False
Cryobacterium,Bacteria,34,PAMC 28482,Cryobacterium sp.,Mountain Rwenzori/Western Uganda/Republic of Uganda/Africa,Glacial,,,,Environment Temperature(°C) pH Salinity(ppt) Habitat Terrestrial soil Host Culture conditions Media Temperature(°C) pH A,Other,False
Hymenobacter,Bacteria,22,PAMC 26553,Hymenobacter sp.,Barton Penninsula/King George Island/South Shetland Islands/Antarctica,Lichen,-62.22605,-58.78357,53,"Usnea, 이끼 등이 혼재하는 자갈밭 이끼 사이 Environment 바람세고, 눈덮힘 Temperature(°C) pH Salinity(ppt) Habitat Lichen Host Culture condition",Antarctic,False
Hymenobacter,Bacteria,22,PAMC 26554,Hymenobacter sp.,Barton Penninsula/King George Island/South Shetland Islands/Antarctica,Lichen,-62.22605,-58.78357,53,"Usnea, 이끼 등이 혼재하는 자갈밭 이끼 사이 Environment 바람세고, 눈덮힘 Temperature(°C) pH Salinity(ppt) Habitat Lichen Host Culture condition",Antarctic,False
Hymenobacter,Bacteria,22,PAMC 26570,Hymenobacter sp.,Barton Penninsula/King George Island/South Shetland Islands/Antarctica,Lichen,-62.22605,-58.78357,53,"Usnea, 이끼 등이 혼재하는 자갈밭 이끼 사이 Environment 바람세고, 눈덮힘 Temperature(°C) pH Salinity(ppt) Habitat Lichen Host Culture condition",Antarctic,False
Hymenobacter,Bacteria,22,PAMC 26628,Hymenobacter sp.,Dasan Korean Arctic Station/Ny-Ålesund/Svalbard/Norway/Europe,lichen,78.9123,11.95463,56,다양한 식물과 지의류 관찰되는 돌로 이루어진 언덕 돌이 많은 곳의 이끼 위 Environment 다산기지 사격장과 길가 사이 언덕 Temperature(°C) 8 pH Salinity(ppt) Habitat lich,Arctic,False
Hymenobacter,Bacteria,22,PAMC 26630,Hymenobacter sp,Dasan Korean Arctic Station/Ny-Ålesund/Svalbard/Norway/Europe,lichen,78.9123,11.95463,56,다양한 식물과 지의류 관찰되는 돌로 이루어진 언덕 돌이 많은 곳의 이끼 위 Environment 다산기지 사격장과 길가 사이 언덕 Temperature(°C) 8 pH Salinity(ppt) Habitat lich,Arctic,False
Hymenobacter,Bacteria,22,PAMC 28396,Hymenobacter sp.,Mountain Rwenzori/Western Uganda/Republic of Uganda/Africa,Terrestrial soil,,,,Environment Temperature(°C) pH Salinity(ppt) Habitat Terrestrial soil Host Culture conditions Media Temperature(°C) pH A,Other,False
Hymenobacter,Bacteria,22,PAMC 28400,Hymenobacter sp.,Mountain Rwenzori/Western Uganda/Republic of Uganda/Africa,Terrestrial soil,,,,Environment Temperature(°C) pH Salinity(ppt) Habitat Terrestrial soil Host Culture conditions Media Temperature(°C) pH A,Other,False
Hymenobacter,Bacteria,22,PAMC 28402,Hymenobacter sp.,Mountain Rwenzori/Western Uganda/Republic of Uganda/Africa,Terrestrial soil,,,,Environment Temperature(°C) pH Salinity(ppt) Habitat Terrestrial soil Host Culture conditions Media Temperature(°C) pH A,Other,False
Hymenobacter,Bacteria,22,PAMC 28403,Hymenobacter sp.,Mountain Rwenzori/Western Uganda/Republic of Uganda/Africa,Terrestrial soil,,,,Environment Temperature(°C) pH Salinity(ppt) Habitat Terrestrial soil Host Culture conditions Media Temperature(°C) pH A,Other,False
Hymenobacter,Bacteria,22,PAMC 28404,Hymenobacter sp.,Mountain Rwenzori/Western Uganda/Republic of Uganda/Africa,Terrestrial soil,,,,Environment Temperature(°C) pH Salinity(ppt) Habitat Terrestrial soil Host Culture conditions Media Temperature(°C) pH A,Other,False
Hymenobacter,Bacteria,22,PAMC 28409,Hymenobacter sp.,Mountain Rwenzori/Western Uganda/Republic of Uganda/Africa,Terrestrial soil,,,,Environment Temperature(°C) pH Salinity(ppt) Habitat Terrestrial soil Host Culture conditions Media Temperature(°C) pH A,Other,False
Hymenobacter,Bacteria,22,PAMC 28434,Hymenobacter sp.,Mountain Rwenzori/Western Uganda/Republic of Uganda/Africa,Terrestrial soil,,,,Environment Temperature(°C) pH Salinity(ppt) Habitat Terrestrial soil Host Culture conditions Media Temperature(°C) pH A,Other,False
Hymenobacter,Bacteria,22,PAMC 28446,Hymenobacter sp.,Mountain Rwenzori/Western Uganda/Republic of Uganda/Africa,Terrestrial soil,,,,Environment Temperature(°C) pH Salinity(ppt) Habitat Terrestrial soil Host Culture conditions Media Temperature(°C) pH A,Other,False
Massilia,Bacteria,20,PAMC 28407,Massilia sp.,Mountain Rwenzori/Western Uganda/Republic of Uganda/Africa,Terrestrial soil,,,,Environment Temperature(°C) pH Salinity(ppt) Habitat Terrestrial soil Host Culture conditions Media Temperature(°C) pH A,Other,False
Massilia,Bacteria,20,PAMC 28408,Massilia sp.,Mountain Rwenzori/Western Uganda/Republic of Uganda/Africa,Terrestrial soil,,,,Environment Temperature(°C) pH Salinity(ppt) Habitat Terrestrial soil Host Culture conditions Media Temperature(°C) pH A,Other,False
Microbacterium,Bacteria,17,PAMC 26292,Microbacterium oleivorans,Mongol/Asia,Fresh water,,,,Environment Temperature(°C) pH Salinity(ppt) Habitat Fresh water Host Culture conditions Media 0.2X R2A agar [64] Temper,Other,False
Microbacterium,Bacteria,17,PAMC 27799,Microbacterium sp.,Ross Sea/Antarctica,Animal,-76.4788,163.37823,,Environment Temperature(°C) pH Salinity(ppt) Habitat Animal Host Culture conditions Media Temperature(°C) pH Aeration ae,Antarctic,True
Microbacterium,Bacteria,17,PAMC 27810,Microbacterium sp.,Ross Sea/Antarctica,Sea Water,-76.4788,163.37823,,Environment Temperature(°C) pH Salinity(ppt) Habitat Animal Host Culture conditions Media Temperature(°C) pH Aeration ae,Antarctic,True
Microbacterium,Bacteria,17,PAMC 28756,Microbacterium sp.,"세종기지에서 사면을 넘어, Usnea가 많이 서식하는 지점과 골짜기 사이 바위가 많은지점/Ardley Peninsula/King George Island/South Shetland Islands/Antarctica",Lichen,-62.22415,-58.78257,-,Environment Temperature(°C) pH Salinity(ppt) Habitat Lichen Host Culture conditions Media Temperature(°C) pH Aeration ae,Antarctic,False
Dyadobacter,Bacteria,12,PAMC 27451,Dyadobacter sp.,Barton Peninsula/King George Island/South Shetland Islands/Antarctica,Terrestrial soil,-62.21967,-58.78667,,Environment Temperature(°C) pH Salinity(ppt) Habitat Sea water Host Culture conditions Media R2A agar [6] Temperature(°C,Antarctic,False
Polaribacter,Bacteria,12,PAMC 20989,Polaribacter sp.,Ny-Ålesund/Svalbard/Norway,Sediment (marine),78.55,11.53,,Sediment 2 of King's Bay Environment Temperature(°C) pH Salinity(ppt) Habitat unknown Host Culture conditions Media ZoBe,Arctic,True
Polaribacter,Bacteria,12,PAMC 21160,Polaribacter sp.,King George Island/South Shetland Islands/Antarctica,Soil (terrestrial),,,,Environment Temperature(°C) pH Salinity(ppt) Habitat Terrestrial soil Host Culture conditions Media MSB+Xylan agar or Hu,Antarctic,False
Polaribacter,Bacteria,12,PAMC 21814,Polaribacter sp.,King George Island/South Shetland Islands/Antarctica,Moss,,,,Environment Temperature(°C) pH Salinity(ppt) Habitat Terrestrial soil Host Culture conditions Media MSB+Xylan agar or Hu,Antarctic,False
Polaribacter,Bacteria,12,PAMC 21826,Polaribacter sp.,King George Island/South Shetland Islands/Antarctica,Water (sea),,,,Environment Temperature(°C) pH Salinity(ppt) Habitat Terrestrial soil Host Culture conditions Media MSB+Xylan agar or Hu,Antarctic,True
Polaribacter,Bacteria,12,PAMC 22009,Polaribacter butkevichii,King George Island/South Shetland Islands/Antarctica,Soil (sea shore),,,,Environment Temperature(°C) pH Salinity(ppt) Habitat Terrestrial soil Host Culture conditions Media MSB+Xylan agar or Hu,Antarctic,False
Polaribacter,Bacteria,12,PAMC 22025,Polaribacter butkevichii,King George Island/South Shetland Islands/Antarctica,Soil (sea shore),,,,Environment Temperature(°C) pH Salinity(ppt) Habitat Terrestrial soil Host Culture conditions Media MSB+Xylan agar or Hu,Antarctic,False
Polaribacter,Bacteria,12,PAMC 22228,Polaribacter sp.,Kongsfijorden 선착장/Ny-Ålesund/Svalbard/Norway/Europe,Biofilm,78.92267,11.89147,,Environment Temperature(°C) pH Salinity(ppt) Habitat Biofilm Host Culture conditions Media ZoBell agar [2] Temperature(°,Arctic,False
Polaribacter,Bacteria,12,PAMC 22241,Polaribacter butkevichii,Kongsfijorden 선착장/Ny-Ålesund/Svalbard/Norway/Europe,Biofilm,78.92267,11.89147,,Environment Temperature(°C) pH Salinity(ppt) Habitat Biofilm Host Culture conditions Media ZoBell agar [2] Temperature(°,Arctic,False
Polaribacter,Bacteria,12,PAMC 27095,Polaribacter sp.,Ross sea/Antarctica,Sea sediment,,,,Environment Temperature(°C) 7.74 pH -2.2 Salinity(ppt) 15 Habitat Sea sediment Host Culture conditions Media Marine agar,Antarctic,True
Polaribacter,Bacteria,12,PAMC 27096,Polaribacter sp.,Ross sea/Antarctica,Sea sediment,,,,Environment Temperature(°C) 7.74 pH -2.2 Salinity(ppt) 15 Habitat Sea sediment Host Culture conditions Media Marine agar,Antarctic,True
Polaribacter,Bacteria,12,PAMC 27100,Polaribacter sp.,Ross sea/Antarctica,Sea sediment,,,,Environment Temperature(°C) 7.74 pH -2.2 Salinity(ppt) 15 Habitat Sea sediment Host Culture conditions Media Marine agar,Antarctic,True
Mucilaginibacter,Bacteria,11,PAMC 25879,Mucilaginibacter sp.,"Pitztaler Jöchl Ferner, Ötztaler Alps/Innsbruck/Tyrol/Austria/Europe",Cryoconite,47.04,12.41,2875,human impact,Alpine,False
Mucilaginibacter,Bacteria,11,PAMC 25884,Mucilaginibacter sp.,Tiefenbachferner - Ötztaler Alps/Innsbruck/Tyrol/Austria/Europe,Cryoconite,47.04,12.41,2900,human impact,Alpine,False
Mucilaginibacter,Bacteria,11,PAMC 25900,Mucilaginibacter sp.,"Bankerferner - Wurmkogel, Ötztaler Alps/Innsbruck/Tyrol/Austria/Europe",Cryoconite,47.04,12.41,2820,human impact,Alpine,False
Mucilaginibacter,Bacteria,11,PAMC 26640,Mucilaginibacter sp.,Ny-Ålesund/Svalbard/Norway/Europe,lichen,78.92267,11.89147,,Environment Temperature(°C) pH Salinity(ppt) Habitat Sediment (marine) Host Culture conditions Media ZoBell agar [2] Tem,Arctic,False
Mucilaginibacter,Bacteria,11,PAMC 27447,Mucilaginibacter sp.,Barton Peninsula/King George Island/South Shetland Islands/Antarctica,Terrestrial soil,-62.21967,-58.78667,,Environment Temperature(°C) pH Salinity(ppt) Habitat Sea water Host Culture conditions Media R2A agar [6] Temperature(°C,Antarctic,False
Mucilaginibacter,Bacteria,11,PAMC 27481,Mucilaginibacter sp.,Barton Peninsula/King George Island/South Shetland Islands/Antarctica,Terrestrial soil,-62.21967,-58.78667,,Environment Temperature(°C) pH Salinity(ppt) Habitat Sea water Host Culture conditions Media R2A agar [6] Temperature(°C,Antarctic,False
Mucilaginibacter,Bacteria,11,PAMC 27511,Mucilaginibacter sp.,Barton Peninsula/King George Island/South Shetland Islands/Antarctica,Terrestrial soil,-62.21967,-58.78667,,Environment Temperature(°C) pH Salinity(ppt) Habitat Sea water Host Culture conditions Media R2A agar [6] Temperature(°C,Antarctic,False
Pedobacter,Bacteria,11,PAMC 25175,Pedobacter sp.,세종기지/세종호/Barton Peninsula/King George Island/South Shetland Islands/Antarctica,Water (fresh),-62.13,-58.47,,"기지 앞, 세종호 (호수의 대부분이 얼음으로 덮혀 있는 상태) Environment Temperature(°C) pH Salinity(ppt) Habitat Water (fresh) Host Culture condi",Antarctic,False
Pedobacter,Bacteria,11,PAMC 25183,Pedobacter sp.,세종기지/촛대바위 지나 펭귄마을 바로 밑 해안/Barton Peninsula/King George Island/South Shetland Islands/Antarctica,Water (sea),-62.13,-58.47,,Environment Temperature(°C) pH Salinity(ppt) Habitat Water (sea) Host Culture conditions Media R2A agar [6] Temperature(,Antarctic,True
Pedobacter,Bacteria,11,PAMC 27299,Pedobacter sp.,King George Island/South Shetland Islands/Antarctica,Terrestrial soil,,,,Environment Temperature(°C) pH Salinity(ppt) Habitat Terrestrial soil Host Culture conditions Media MSB+Xylan agar or Hu,Antarctic,False
Pedobacter,Bacteria,11,PAMC 27404,Pedobacter sp.,Barton Peninsula/King George Island/South Shetland Islands/Antarctica,Terrestrial soil,-62.21967,-58.78667,,Environment Temperature(°C) pH Salinity(ppt) Habitat Sea water Host Culture conditions Media R2A agar [6] Temperature(°C,Antarctic,False
Pedobacter,Bacteria,11,PAMC 27413,Pedobacter cryoconitis,Barton Peninsula/King George Island/South Shetland Islands/Antarctica,Terrestrial soil,-62.21967,-58.78667,,Environment Temperature(°C) pH Salinity(ppt) Habitat Sea water Host Culture conditions Media R2A agar [6] Temperature(°C,Antarctic,False
Pedobacter,Bacteria,11,PAMC 27485,Pedobacter cryoconitis,Barton Peninsula/King George Island/South Shetland Islands/Antarctica,Terrestrial soil,-62.21967,-58.78667,,Environment Temperature(°C) pH Salinity(ppt) Habitat Sea water Host Culture conditions Media R2A agar [6] Temperature(°C,Antarctic,False
Pedobacter,Bacteria,11,PAMC 27486,Pedobacter cryoconitis,Barton Peninsula/King George Island/South Shetland Islands/Antarctica,Terrestrial soil,-62.21967,-58.78667,,Environment Temperature(°C) pH Salinity(ppt) Habitat Sea water Host Culture conditions Media R2A agar [6] Temperature(°C,Antarctic,False
Pedobacter,Bacteria,11,PAMC 27487,Pedobacter cryoconitis,Barton Peninsula/King George Island/South Shetland Islands/Antarctica,Terrestrial soil,-62.21967,-58.78667,,Environment Temperature(°C) pH Salinity(ppt) Habitat Sea water Host Culture conditions Media R2A agar [6] Temperature(°C,Antarctic,False
Pedobacter,Bacteria,11,PAMC 27488,Pedobacter cryoconitis,Barton Peninsula/King George Island/South Shetland Islands/Antarctica,Terrestrial soil,-62.21967,-58.78667,,Environment Temperature(°C) pH Salinity(ppt) Habitat Sea water Host Culture conditions Media R2A agar [6] Temperature(°C,Antarctic,False
Pedobacter,Bacteria,11,PAMC 27490,Pedobacter cryoconitis,Barton Peninsula/King George Island/South Shetland Islands/Antarctica,Terrestrial soil,-62.21967,-58.78667,,Environment Temperature(°C) pH Salinity(ppt) Habitat Sea water Host Culture conditions Media R2A agar [6] Temperature(°C,Antarctic,False
Pedobacter,Bacteria,11,PAMC 27492,Pedobacter cryoconitis,Barton Peninsula/King George Island/South Shetland Islands/Antarctica,Fresh Water,-62.21967,-58.78667,,Environment Temperature(°C) pH Salinity(ppt) Habitat Sea water Host Culture conditions Media R2A agar [6] Temperature(°C,Antarctic,False
Shewanella,Bacteria,9,PAMC 20898,Shewanella denitrificans,Ny-Ålesund/Svalbard/Norway,unknown,78.55,11.53,,Sediment 2 of King's Bay Environment Temperature(°C) pH Salinity(ppt) Habitat unknown Host Culture conditions Media ZoBe,Arctic,False
Shewanella,Bacteria,9,PAMC 20910,Shewanella sp.,Ny-Ålesund/Svalbard/Norway,unknown,78.55,11.53,,Sediment 2 of King's Bay Environment Temperature(°C) pH Salinity(ppt) Habitat unknown Host Culture conditions Media ZoBe,Arctic,False
Shewanella,Bacteria,9,PAMC 20911,Shewanella sp.,Ny-Ålesund/Svalbard/Norway,unknown,78.55,11.53,,Sediment 2 of King's Bay Environment Temperature(°C) pH Salinity(ppt) Habitat unknown Host Culture conditions Media ZoBe,Arctic,False
Shewanella,Bacteria,9,PAMC 20915,Shewanella gelidimarina,Ny-Ålesund/Svalbard/Norway,unknown,78.55,11.53,,Sediment 2 of King's Bay Environment Temperature(°C) pH Salinity(ppt) Habitat unknown Host Culture conditions Media ZoBe,Arctic,False
Shewanella,Bacteria,9,PAMC 20924,Shewanella denitrificans,Ny-Ålesund/Svalbard/Norway,unknown,78.55,11.53,,Sediment 2 of King's Bay Environment Temperature(°C) pH Salinity(ppt) Habitat unknown Host Culture conditions Media ZoBe,Arctic,False
Shewanella,Bacteria,9,PAMC 20971,Shewanella donghaensis,Ny-Ålesund/Svalbard/Norway,Sediment (marine),78.55,11.53,,Sediment 2 of King's Bay Environment Temperature(°C) pH Salinity(ppt) Habitat unknown Host Culture conditions Media ZoBe,Arctic,True
Shewanella,Bacteria,9,PAMC 20976,Shewanella donghaensis,Ny-Ålesund/Svalbard/Norway,Sediment (marine),78.55,11.53,,Sediment 2 of King's Bay Environment Temperature(°C) pH Salinity(ppt) Habitat unknown Host Culture conditions Media ZoBe,Arctic,True
Shewanella,Bacteria,9,PAMC 20979,Shewanella abyssi,Ny-Ålesund/Svalbard/Norway,Sediment (marine),78.55,11.53,,Sediment 2 of King's Bay Environment Temperature(°C) pH Salinity(ppt) Habitat unknown Host Culture conditions Media ZoBe,Arctic,True
Shewanella,Bacteria,9,PAMC 21672,Shewanella sp.,,,,,,Environment Temperature(°C) pH Salinity(ppt) Habitat Host Culture conditions Media Marine agar [66] Temperature(°C) 25 -,Other,False
Shewanella,Bacteria,9,PAMC 21844,Shewanella sp.,King George Island/South Shetland Islands/Antarctica,unknown,,,,Environment Temperature(°C) pH Salinity(ppt) Habitat Terrestrial soil Host Culture conditions Media MSB+Xylan agar or Hu,Antarctic,False
Shewanella,Bacteria,9,PAMC 21863,Shewanella sp.,King George Island/South Shetland Islands/Antarctica,unknown,,,,Environment Temperature(°C) pH Salinity(ppt) Habitat Terrestrial soil Host Culture conditions Media MSB+Xylan agar or Hu,Antarctic,False
Shewanella,Bacteria,9,PAMC 21939,Shewanella vesiculosa,King George Island/South Shetland Islands/Antarctica,Algae (marine),,,,Environment Temperature(°C) pH Salinity(ppt) Habitat Terrestrial soil Host Culture conditions Media MSB+Xylan agar or Hu,Antarctic,True
Shewanella,Bacteria,9,PAMC 21996,Shewanella vesiculosa,King George Island/South Shetland Islands/Antarctica,Sediment (marine),,,,Environment Temperature(°C) pH Salinity(ppt) Habitat Terrestrial soil Host Culture conditions Media MSB+Xylan agar or Hu,Antarctic,True
Shewanella,Bacteria,9,PAMC 22152,Shewanella sp.,Kongsfijorden 선착장/Ny-Ålesund/Svalbard/Norway/Europe,Water (sea),78.92267,11.89147,,Environment Temperature(°C) pH Salinity(ppt) Habitat Biofilm Host Culture conditions Media ZoBell agar [2] Temperature(°,Arctic,True
Shewanella,Bacteria,9,PAMC 22211,Shewanella sp.,Ny-Ålesund/Svalbard/Norway/Europe,Sediment (marine),78.92267,11.89147,,Environment Temperature(°C) pH Salinity(ppt) Habitat Sediment (marine) Host Culture conditions Media ZoBell agar [2] Tem,Arctic,True
Shewanella,Bacteria,9,PAMC 22224,Shewanella donghaensis,Ny-Ålesund/Svalbard/Norway/Europe,Sediment (marine),78.92267,11.89147,,Environment Temperature(°C) pH Salinity(ppt) Habitat Sediment (marine) Host Culture conditions Media ZoBell agar [2] Tem,Arctic,True
Shewanella,Bacteria,9,PAMC 22250,Shewanella frigidimarina,Kongsfijorden 선착장/Ny-Ålesund/Svalbard/Norway/Europe,Biofilm,78.92267,11.89147,,Environment Temperature(°C) pH Salinity(ppt) Habitat Biofilm Host Culture conditions Media ZoBell agar [2] Temperature(°,Arctic,False
Shewanella,Bacteria,9,PAMC 23452,Shewanella vesiculosa,Cara Sea/Cara Sea/Cara Sea/Russia/Europe,Sediment (marine),73.83479,67.58873,,Environment Temperature(°C) pH Salinity(ppt) Habitat Sediment (marine) Host Culture conditions Media Tryptic soy agar [4,Arctic,True
Shewanella,Bacteria,9,PAMC 23453,Shewanella vesiculosa,Cara Sea/Cara Sea/Cara Sea/Russia/Europe,Sediment (marine),73.83479,67.58873,,Environment Temperature(°C) pH Salinity(ppt) Habitat Sediment (marine) Host Culture conditions Media Tryptic soy agar [4,Arctic,True
Shewanella,Bacteria,9,PAMC 25055,Shewanella frigidimarina,제주도 남단 이어도 해상 과학기지/Ieodo/Jeju Island/Korea/Asia,Water (sea),32.0,126.0,,Environment Temperature(°C) pH Salinity(ppt) Habitat Water (sea) Host Culture conditions Media R2A agar [6] Temperature(,Other,True
Shewanella,Bacteria,9,PAMC 25056,Shewanella frigidimarina,제주도 남단 이어도 해상 과학기지/Ieodo/Jeju Island/Korea/Asia,Water (sea),32.0,126.0,,Environment Temperature(°C) pH Salinity(ppt) Habitat Water (sea) Host Culture conditions Media R2A agar [6] Temperature(,Other,True
Shewanella,Bacteria,9,PAMC 25062,Shewanella frigidimarina,제주도 남단 이어도 해상 과학기지/Ieodo/Jeju Island/Korea/Asia,Water (sea),32.0,126.0,,Environment Temperature(°C) pH Salinity(ppt) Habitat Water (sea) Host Culture conditions Media R2A agar [6] Temperature(,Other,True
Shewanella,Bacteria,9,PAMC 25063,Shewanella frigidimarina,제주도 남단 이어도 해상 과학기지/Ieodo/Jeju Island/Korea/Asia,Water (sea),32.0,126.0,,Environment Temperature(°C) pH Salinity(ppt) Habitat Water (sea) Host Culture conditions Media R2A agar [6] Temperature(,Other,True
Shewanella,Bacteria,9,PAMC 25064,Shewanella frigidimarina,제주도 남단 이어도 해상 과학기지/Ieodo/Jeju Island/Korea/Asia,Water (sea),32.0,126.0,,Environment Temperature(°C) pH Salinity(ppt) Habitat Water (sea) Host Culture conditions Media R2A agar [6] Temperature(,Other,True
Shewanella,Bacteria,9,PAMC 25065,Shewanella vesiculosa,제주도 남단 이어도 해상 과학기지/Ieodo/Jeju Island/Korea/Asia,Water (sea),32.0,126.0,,Environment Temperature(°C) pH Salinity(ppt) Habitat Water (sea) Host Culture conditions Media R2A agar [6] Temperature(,Other,True
Shewanella,Bacteria,9,PAMC 25066,Shewanella vesiculosa,제주도 남단 이어도 해상 과학기지/Ieodo/Jeju Island/Korea/Asia,Water (sea),32.0,126.0,,Environment Temperature(°C) pH Salinity(ppt) Habitat Water (sea) Host Culture conditions Media R2A agar [6] Temperature(,Other,True
Shewanella,Bacteria,9,PAMC 25067,Shewanella vesiculosa,제주도 남단 이어도 해상 과학기지/Ieodo/Jeju Island/Korea/Asia,Water (sea),32.0,126.0,,Environment Temperature(°C) pH Salinity(ppt) Habitat Water (sea) Host Culture conditions Media R2A agar [6] Temperature(,Other,True
Shewanella,Bacteria,9,PAMC 25069,Shewanella frigidimarina,제주도 남단 이어도 해상 과학기지/Ieodo/Jeju Island/Korea/Asia,Water (sea),32.0,126.0,,Environment Temperature(°C) pH Salinity(ppt) Habitat Water (sea) Host Culture conditions Media R2A agar [6] Temperature(,Other,True
Shewanella,Bacteria,9,PAMC 25070,Shewanella vesiculosa,제주도 남단 이어도 해상 과학기지/Ieodo/Jeju Island/Korea/Asia,Water (sea),32.0,126.0,,Environment Temperature(°C) pH Salinity(ppt) Habitat Water (sea) Host Culture conditions Media R2A agar [6] Temperature(,Other,True
Shewanella,Bacteria,9,PAMC 25072,Shewanella frigidimarina,제주도 남단 이어도 해상 과학기지/Ieodo/Jeju Island/Korea/Asia,Water (sea),32.0,126.0,,Environment Temperature(°C) pH Salinity(ppt) Habitat Water (sea) Host Culture conditions Media R2A agar [6] Temperature(,Other,True
Shewanella,Bacteria,9,PAMC 25073,Shewanella vesiculosa,제주도 남단 이어도 해상 과학기지/Ieodo/Jeju Island/Korea/Asia,Water (sea),32.0,126.0,,Environment Temperature(°C) pH Salinity(ppt) Habitat Water (sea) Host Culture conditions Media R2A agar [6] Temperature(,Other,True
Shewanella,Bacteria,9,PAMC 25096,Shewanella vesiculosa,제주도 남단 이어도 해상 과학기지/Ieodo/Jeju Island/Korea/Asia,Water (sea),32.0,126.0,,Environment Temperature(°C) pH Salinity(ppt) Habitat Water (sea) Host Culture conditions Media R2A agar [6] Temperature(,Other,True
Shewanella,Bacteria,9,PAMC 25099,Shewanella vesiculosa,제주도 남단 이어도 해상 과학기지/Ieodo/Jeju Island/Korea/Asia,Water (sea),32.0,126.0,,Environment Temperature(°C) pH Salinity(ppt) Habitat Water (sea) Host Culture conditions Media R2A agar [6] Temperature(,Other,True
Shewanella,Bacteria,9,PAMC 25102,Shewanella frigidimarina,제주도 남단 이어도 해상 과학기지/Ieodo/Jeju Island/Korea/Asia,Water (sea),32.0,126.0,,Environment Temperature(°C) pH Salinity(ppt) Habitat Water (sea) Host Culture conditions Media R2A agar [6] Temperature(,Other,True
Shewanella,Bacteria,9,PAMC 25106,Shewanella vesiculosa,제주도 남단 이어도 해상 과학기지/Ieodo/Jeju Island/Korea/Asia,Water (sea),32.0,126.0,,Environment Temperature(°C) pH Salinity(ppt) Habitat Water (sea) Host Culture conditions Media R2A agar [6] Temperature(,Other,True
Shewanella,Bacteria,9,PAMC 25112,Shewanella vesiculosa,제주도 남단 이어도 해상 과학기지/Ieodo/Jeju Island/Korea/Asia,Water (sea),32.0,126.0,,Environment Temperature(°C) pH Salinity(ppt) Habitat Water (sea) Host Culture conditions Media R2A agar [6] Temperature(,Other,True
Shewanella,Bacteria,9,PAMC 25115,Shewanella frigidimarina,제주도 남단 이어도 해상 과학기지/Ieodo/Jeju Island/Korea/Asia,Water (sea),32.0,126.0,,Environment Temperature(°C) pH Salinity(ppt) Habitat Water (sea) Host Culture conditions Media R2A agar [6] Temperature(,Other,True
Shewanella,Bacteria,9,PAMC 25116,Shewanella frigidimarina,제주도 남단 이어도 해상 과학기지/Ieodo/Jeju Island/Korea/Asia,Water (sea),32.0,126.0,,Environment Temperature(°C) pH Salinity(ppt) Habitat Water (sea) Host Culture conditions Media R2A agar [6] Temperature(,Other,True
Shewanella,Bacteria,9,PAMC 25124,Shewanella vesiculosa,제주도 남단 이어도 해상 과학기지/Ieodo/Jeju Island/Korea/Asia,Water (sea),32.0,126.0,,Environment Temperature(°C) pH Salinity(ppt) Habitat Water (sea) Host Culture conditions Media R2A agar [6] Temperature(,Other,True
Shewanella,Bacteria,9,PAMC 25132,Shewanella frigidimarina,Cara Sea/Cara Sea/Cara Sea/Russia/Europe,Sediment (marine),73.83479,67.58873,,Environment Temperature(°C) pH Salinity(ppt) Habitat Sediment (marine) Host Culture conditions Media Tryptic soy agar [4,Arctic,True
Shewanella,Bacteria,9,PAMC 22225,Shewanella sp.,Ny-Ålesund/Svalbard/Norway/Europe,Sediment (marine),78.92267,11.89147,,Environment Temperature(°C) pH Salinity(ppt) Habitat Sediment (marine) Host Culture conditions Media ZoBell agar [2] Tem,Arctic,True
Shewanella,Bacteria,9,PAMC 27094,Shewanella gelidimarina,Ross sea/Antarctica,Sea sediment,,,,Environment Temperature(°C) 7.74 pH -2.2 Salinity(ppt) 15 Habitat Sea sediment Host Culture conditions Media Marine agar,Antarctic,True
Shewanella,Bacteria,9,PAMC 27168,Shewanella arctica,Chukchi Sea/Arctic Ocean,Sea ice,82.17917,-171.86833,,Environment Temperature(°C) pH Salinity(ppt) Habitat Sea ice Host Culture conditions Media Marine agar [66] Temperature(,Arctic,True
Shewanella,Bacteria,9,PAMC 27172,Shewanella arctica,Chukchi Sea/Arctic Ocean,Sea ice,82.17917,-171.86833,,Environment Temperature(°C) pH Salinity(ppt) Habitat Sea ice Host Culture conditions Media Marine agar [66] Temperature(,Arctic,True
Shewanella,Bacteria,9,PAMC 27175,Shewanella arctica,Chukchi Sea/Arctic Ocean,Sea ice,82.17917,-171.86833,,Environment Temperature(°C) pH Salinity(ppt) Habitat Sea ice Host Culture conditions Media Marine agar [66] Temperature(,Arctic,True
Shewanella,Bacteria,9,PAMC 28275,Shewanella sp.,Beaufort Sea/Arctic Ocean,Sea Water,70.80185,-136.09969,,Environment Temperature(°C) pH Salinity(ppt) Habitat Sea Water Host Culture conditions Media Temperature(°C) pH Aeration,Arctic,True
Rhodococcus,Bacteria,8,PAMC 27312,Rhodococcus globerulus,King George Island/South Shetland Islands/Antarctica,Terrestrial soil,,,,Environment Temperature(°C) pH Salinity(ppt) Habitat Terrestrial soil Host Culture conditions Media MSB+Xylan agar or Hu,Antarctic,False
Rhodococcus,Bacteria,8,PAMC 27313,Rhodococcus globerulus,King George Island/South Shetland Islands/Antarctica,Terrestrial soil,,,,Environment Temperature(°C) pH Salinity(ppt) Habitat Terrestrial soil Host Culture conditions Media MSB+Xylan agar or Hu,Antarctic,False
Rhodococcus,Bacteria,8,PAMC 27314,Rhodococcus yunnanensis,King George Island/South Shetland Islands/Antarctica,Terrestrial soil,,,,Environment Temperature(°C) pH Salinity(ppt) Habitat Terrestrial soil Host Culture conditions Media MSB+Xylan agar or Hu,Antarctic,False
Rhodococcus,Bacteria,8,PAMC 27315,Rhodococcus globerulus,King George Island/South Shetland Islands/Antarctica,Terrestrial soil,,,,Environment Temperature(°C) pH Salinity(ppt) Habitat Terrestrial soil Host Culture conditions Media MSB+Xylan agar or Hu,Antarctic,False
Rhodococcus,Bacteria,8,PAMC 27317,Rhodococcus globerulus,King George Island/South Shetland Islands/Antarctica,Terrestrial soil,,,,Environment Temperature(°C) pH Salinity(ppt) Habitat Terrestrial soil Host Culture conditions Media MSB+Xylan agar or Hu,Antarctic,False
Rhodococcus,Bacteria,8,PAMC 27318,Rhodococcus globerulus,King George Island/South Shetland Islands/Antarctica,Terrestrial soil,,,,Environment Temperature(°C) pH Salinity(ppt) Habitat Terrestrial soil Host Culture conditions Media MSB+Xylan agar or Hu,Antarctic,False
Rhodococcus,Bacteria,8,PAMC 27319,Rhodococcus yunnanensis,King George Island/South Shetland Islands/Antarctica,Terrestrial soil,,,,Environment Temperature(°C) pH Salinity(ppt) Habitat Terrestrial soil Host Culture conditions Media MSB+Xylan agar or Hu,Antarctic,False
Rhodococcus,Bacteria,8,PAMC 27321,Rhodococcus globerulus,King George Island/South Shetland Islands/Antarctica,Terrestrial soil,,,,Environment Temperature(°C) pH Salinity(ppt) Habitat Terrestrial soil Host Culture conditions Media MSB+Xylan agar or Hu,Antarctic,False
Rhodococcus,Bacteria,8,PAMC 27322,Rhodococcus globerulus,King George Island/South Shetland Islands/Antarctica,Terrestrial soil,,,,Environment Temperature(°C) pH Salinity(ppt) Habitat Terrestrial soil Host Culture conditions Media MSB+Xylan agar or Hu,Antarctic,False
Rhodococcus,Bacteria,8,PAMC 27323,Rhodococcus yunnanensis,King George Island/South Shetland Islands/Antarctica,Terrestrial soil,,,,Environment Temperature(°C) pH Salinity(ppt) Habitat Terrestrial soil Host Culture conditions Media MSB+Xylan agar or Hu,Antarctic,False
Rhodococcus,Bacteria,8,PAMC 28705,Rhodococcus sp.,"세종기지에서 사면을 넘어, Usnea가 많이 서식하는 지점과 골짜기 사이 바위가 많은지점/Ardley Peninsula/King George Island/South Shetland Islands/Antarctica",Lichen,-62.22415,-58.78257,-,Environment Temperature(°C) pH Salinity(ppt) Habitat Lichen Host Culture conditions Media Temperature(°C) pH Aeration ae,Antarctic,False
Rhodococcus,Bacteria,8,PAMC 28707,Rhodococcus sp.,Barton Peninsula/King George Island/South Shetland Islands/Antarctica,Lichen,-62.21967,-58.78667,,Environment Temperature(°C) pH Salinity(ppt) Habitat Sea water Host Culture conditions Media R2A agar [6] Temperature(°C,Antarctic,False
Rhodococcus,Bacteria,8,PAMC 26808,Rhodococcus sp.,Council/Alaska/USA/North America,Terrestrial soil,64.84513,-163.71137,-,Environment Temperature(°C) pH Salinity(ppt) Habitat Terrestrial soil Host Culture conditions Media Humic acid+vitamin a,Arctic,False
Rhodococcus,Bacteria,8,PAMC 26828,Rhodococcus sp.,Council/Alaska/USA/North America,Terrestrial soil,64.84513,-163.71137,-,Environment Temperature(°C) pH Salinity(ppt) Habitat Terrestrial soil Host Culture conditions Media Humic acid+vitamin a,Arctic,False
Rhodococcus,Bacteria,8,PAMC 28122,Rhodococcus fascians,Northern Victoria Land (NVL)/Antarctica,Rock,-72.69727,165.99457,-,Environment Temperature(°C) pH Salinity(ppt) Habitat Rock Host Culture conditions Media Temperature(°C) pH Aeration aero,Antarctic,False
Arthrobacter,Bacteria,7,PAMC 25156,Arthrobacter sp.,세종기지/세종호/Barton Peninsula/King George Island/South Shetland Islands/Antarctica,Water (fresh),-62.13,-58.47,,"기지 앞, 세종호 (호수의 대부분이 얼음으로 덮혀 있는 상태) Environment Temperature(°C) pH Salinity(ppt) Habitat Water (fresh) Host Culture condi",Antarctic,False
Arthrobacter,Bacteria,7,PAMC 25283,Arthrobacter sp.,세종기지/촛대바위 지나 연결된 해안/Barton Peninsula/King George Island/South Shetland Islands/Antarctica,Water (fresh),-62.23733,-58.74273,,스쿠아 목욕탕이라 불리는 곳 Environment Temperature(°C) pH Salinity(ppt) Habitat Water (fresh) Host Culture conditions Media R2A aga,Antarctic,False
Arthrobacter,Bacteria,7,PAMC 25411,Arthrobacter sp.,"Ny-Alesund, Spitsbergen, Norway/Ny-Ålesund/Svalbard/Norway/Europe",Ice,78.91237,11.95708,,"타운에서 동쪽길(사격장 아래)끝, 폐광 목재더미 Environment Temperature(°C) pH Salinity(ppt) Habitat Soil (terrestrial) Host Culture conditio",Arctic,False
Arthrobacter,Bacteria,7,PAMC 25431,Arthrobacter sp.,"Kings Bay(Ny-Alesund 앞바다), Spitsbergen, Norway/Ny-Ålesund/Svalbard/Norway/Europe",Water (sea),78.93855,11.87888,,빙하에서 녹은 물이 황토와 섞여 유입되는 지점 Environment Temperature(°C) 7 pH Salinity(ppt) Habitat Water (sea) Host Culture conditions Med,Arctic,True
Arthrobacter,Bacteria,7,PAMC 25438,Arthrobacter sp.,"Ny-Alesund, Spitsbergen, Norway/Ny-Ålesund/Svalbard/Norway/Europe",Debris (animal excrement),78.91237,11.95708,,"타운에서 동쪽길(사격장 아래)끝, 폐광 목재더미 Environment Temperature(°C) pH Salinity(ppt) Habitat Soil (terrestrial) Host Culture conditio",Arctic,False
Arthrobacter,Bacteria,7,PAMC 25480,Arthrobacter sp.,"Ny-Alesund, Spitsbergen, Norway/Ny-Ålesund/Svalbard/Norway/Europe",Water (fresh),78.91237,11.95708,,"타운에서 동쪽길(사격장 아래)끝, 폐광 목재더미 Environment Temperature(°C) pH Salinity(ppt) Habitat Soil (terrestrial) Host Culture conditio",Arctic,False
Arthrobacter,Bacteria,7,PAMC 25481,Arthrobacter sp.,"Ny-Alesund, Spitsbergen, Norway/Ny-Ålesund/Svalbard/Norway/Europe",Debris (plant),78.91237,11.95708,,"타운에서 동쪽길(사격장 아래)끝, 폐광 목재더미 Environment Temperature(°C) pH Salinity(ppt) Habitat Soil (terrestrial) Host Culture conditio",Arctic,False
Arthrobacter,Bacteria,7,PAMC 25484,Arthrobacter sp.,"Ny-Alesund, Spitsbergen, Norway/Ny-Ålesund/Svalbard/Norway/Europe",Moss,78.91237,11.95708,,"타운에서 동쪽길(사격장 아래)끝, 폐광 목재더미 Environment Temperature(°C) pH Salinity(ppt) Habitat Soil (terrestrial) Host Culture conditio",Arctic,False
Arthrobacter,Bacteria,7,PAMC 25486,Arthrobacter sp.,"Ny-Alesund, Spitsbergen, Norway/Ny-Ålesund/Svalbard/Norway/Europe",Biofilm,78.91237,11.95708,,"타운에서 동쪽길(사격장 아래)끝, 폐광 목재더미 Environment Temperature(°C) pH Salinity(ppt) Habitat Soil (terrestrial) Host Culture conditio",Arctic,False
Arthrobacter,Bacteria,7,PAMC 25487,Arthrobacter sp.,"Ny-Alesund, Spitsbergen, Norway/Ny-Ålesund/Svalbard/Norway/Europe",lichen,78.91237,11.95708,,"타운에서 동쪽길(사격장 아래)끝, 폐광 목재더미 Environment Temperature(°C) pH Salinity(ppt) Habitat Soil (terrestrial) Host Culture conditio",Arctic,False
Arthrobacter,Bacteria,7,PAMC 25505,Arthrobacter sp.,"Ny-Alesund, Spitsbergen, Norway/Ny-Ålesund/Svalbard/Norway/Europe",Snow,78.91237,11.95708,,"타운에서 동쪽길(사격장 아래)끝, 폐광 목재더미 Environment Temperature(°C) pH Salinity(ppt) Habitat Soil (terrestrial) Host Culture conditio",Arctic,False
Arthrobacter,Bacteria,7,PAMC 25506,Arthrobacter sp.,"Ny-Alesund, Spitsbergen, Norway/Ny-Ålesund/Svalbard/Norway/Europe",Water (fresh),78.91237,11.95708,,"타운에서 동쪽길(사격장 아래)끝, 폐광 목재더미 Environment Temperature(°C) pH Salinity(ppt) Habitat Soil (terrestrial) Host Culture conditio",Arctic,False
Arthrobacter,Bacteria,7,PAMC 25515,Arthrobacter sp.,"Ny-Alesund, Spitsbergen, Norway/Ny-Ålesund/Svalbard/Norway/Europe",Debris (plant),78.91237,11.95708,,"타운에서 동쪽길(사격장 아래)끝, 폐광 목재더미 Environment Temperature(°C) pH Salinity(ppt) Habitat Soil (terrestrial) Host Culture conditio",Arctic,False
Arthrobacter,Bacteria,7,PAMC 25517,Arthrobacter sp.,"Ny-Alesund, Spitsbergen, Norway/Ny-Ålesund/Svalbard/Norway/Europe",Snow,78.91237,11.95708,,"타운에서 동쪽길(사격장 아래)끝, 폐광 목재더미 Environment Temperature(°C) pH Salinity(ppt) Habitat Soil (terrestrial) Host Culture conditio",Arctic,False
Arthrobacter,Bacteria,7,PAMC 25518,Arthrobacter gangotriensis,"Ny-Alesund, Spitsbergen, Norway/Ny-Ålesund/Svalbard/Norway/Europe",Moss,78.91237,11.95708,,"타운에서 동쪽길(사격장 아래)끝, 폐광 목재더미 Environment Temperature(°C) pH Salinity(ppt) Habitat Soil (terrestrial) Host Culture conditio",Arctic,False
Arthrobacter,Bacteria,7,PAMC 25533,Arthrobacter sp.,"Ny-Alesund, Spitsbergen, Norway/Ny-Ålesund/Svalbard/Norway/Europe",Debris (plant),78.91237,11.95708,,"타운에서 동쪽길(사격장 아래)끝, 폐광 목재더미 Environment Temperature(°C) pH Salinity(ppt) Habitat Soil (terrestrial) Host Culture conditio",Arctic,False
Arthrobacter,Bacteria,7,PAMC 25535,Arthrobacter sp.,"Ny-Alesund, Spitsbergen, Norway/Ny-Ålesund/Svalbard/Norway/Europe",Debris (plant),78.91237,11.95708,,"타운에서 동쪽길(사격장 아래)끝, 폐광 목재더미 Environment Temperature(°C) pH Salinity(ppt) Habitat Soil (terrestrial) Host Culture conditio",Arctic,False
Arthrobacter,Bacteria,7,PAMC 25560,Arthrobacter sp.,"Bankerferner - Wurmkogel, Ötztaler Alps/Innsbruck/Tyrol/Austria/Europe",Cryoconite,47.04,12.41,2820,human impact,Alpine,False
Arthrobacter,Bacteria,7,PAMC 25564,Arthrobacter sulfonivorans,"Bankerferner - Wurmkogel, Ötztaler Alps/Innsbruck/Tyrol/Austria/Europe",Cryoconite,47.04,12.41,2820,human impact,Alpine,False
Arthrobacter,Bacteria,7,PAMC 25628,Arthrobacter sp.,"Bankerferner - Wurmkogel, Ötztaler Alps/Innsbruck/Tyrol/Austria/Europe",Cryoconite,47.04,12.41,2820,human impact,Alpine,False
Arthrobacter,Bacteria,7,PAMC 25746,Arthrobacter sp.,"Bankerferner - Wurmkogel, Ötztaler Alps/Innsbruck/Tyrol/Austria/Europe",Cryoconite,47.04,12.41,2820,human impact,Alpine,False
Arthrobacter,Bacteria,7,PAMC 25748,Arthrobacter sp.,"Bankerferner - Wurmkogel, Ötztaler Alps/Innsbruck/Tyrol/Austria/Europe",Cryoconite,47.04,12.41,2820,human impact,Alpine,False
Arthrobacter,Bacteria,7,PAMC 25754,Arthrobacter sp.,"Bankerferner - Wurmkogel, Ötztaler Alps/Innsbruck/Tyrol/Austria/Europe",Cryoconite,47.04,12.41,2820,human impact,Alpine,False
Arthrobacter,Bacteria,7,PAMC 25755,Arthrobacter sp.,"Bankerferner - Wurmkogel, Ötztaler Alps/Innsbruck/Tyrol/Austria/Europe",Cryoconite,47.04,12.41,2820,human impact,Alpine,False
Arthrobacter,Bacteria,7,PAMC 25827,Arthrobacter sp.,"Pitztaler Jöchl Ferner, Ötztaler Alps/Innsbruck/Tyrol/Austria/Europe",Cryoconite,47.04,12.41,2875,human impact,Alpine,False
Arthrobacter,Bacteria,7,PAMC 25980,Arthrobacter sp.,"Bankerferner - Wurmkogel, Ötztaler Alps/Innsbruck/Tyrol/Austria/Europe",Cryoconite,47.04,12.41,2820,human impact,Alpine,False
Arthrobacter,Bacteria,7,PAMC 26375,Arthrobacter sp.,세종기지주변/Barton Peninsula/King George Island/South Shetland Islands/Antarctica,ND,-62.13,-58.46,,Environment Temperature(°C) pH Salinity(ppt) Habitat ND Host Culture conditions Media MSB with succinate -1 [75] Tempera,Antarctic,False
Arthrobacter,Bacteria,7,PAMC 26834,Arthrobacter aurescens,Yakutia/Russia/Europe,Terrestrial soil,,,,Environment Temperature(°C) pH Salinity(ppt) Habitat Terrestrial soil Host Culture conditions Media Selection media1 [92,Other,False
Arthrobacter,Bacteria,7,PAMC 27340,Arthrobacter alpinus,King George Island/South Shetland Islands/Antarctica,Terrestrial soil,,,,Environment Temperature(°C) pH Salinity(ppt) Habitat Terrestrial soil Host Culture conditions Media MSB+Xylan agar or Hu,Antarctic,False
Arthrobacter,Bacteria,7,PAMC 27341,Arthrobacter alpinus,King George Island/South Shetland Islands/Antarctica,Terrestrial soil,,,,Environment Temperature(°C) pH Salinity(ppt) Habitat Terrestrial soil Host Culture conditions Media MSB+Xylan agar or Hu,Antarctic,False
Arthrobacter,Bacteria,7,PAMC 27362,Arthrobacter alpinus,Ny-Alesund/Svalbard/Norway/Europe,Terrestrial soil,,,,Environment Temperature(°C) pH Salinity(ppt) Habitat Terrestrial soil Host Culture conditions Media MSB+Xylan agar or Hu,Arctic,False
Arthrobacter,Bacteria,7,PAMC 27371,Arthrobacter rhombi,Barton Peninsula/King George Island/South Shetland Islands/Antarctica,Sea water,-62.21967,-58.78667,,Environment Temperature(°C) pH Salinity(ppt) Habitat Sea water Host Culture conditions Media R2A agar [6] Temperature(°C,Antarctic,True
Arthrobacter,Bacteria,7,PAMC 27381,Arthrobacter pityocampae,Barton Peninsula/King George Island/South Shetland Islands/Antarctica,Sea water,-62.21967,-58.78667,,Environment Temperature(°C) pH Salinity(ppt) Habitat Sea water Host Culture conditions Media R2A agar [6] Temperature(°C,Antarctic,True
Arthrobacter,Bacteria,7,PAMC 27388,Arthrobacter pityocampae,Barton Peninsula/King George Island/South Shetland Islands/Antarctica,Sea water,-62.21967,-58.78667,,Environment Temperature(°C) pH Salinity(ppt) Habitat Sea water Host Culture conditions Media R2A agar [6] Temperature(°C,Antarctic,True
Arthrobacter,Bacteria,7,PAMC 27320,Arthrobacter sp.,King George Island/South Shetland Islands/Antarctica,Terrestrial soil,,,,Environment Temperature(°C) pH Salinity(ppt) Habitat Terrestrial soil Host Culture conditions Media MSB+Xylan agar or Hu,Antarctic,False
Arthrobacter,Bacteria,7,PAMC 27742,Arthrobacter sp.,Chukchi Sea/Arctic Ocean,Sea Water,82.17917,-171.86833,,Environment Temperature(°C) pH Salinity(ppt) Habitat Sea ice Host Culture conditions Media Marine agar [66] Temperature(,Arctic,True
Arthrobacter,Bacteria,7,PAMC 28020,Arthrobacter sp.,Northern Victoria Land (NVL)/Antarctica,Rock,-72.69727,165.99457,-,Environment Temperature(°C) pH Salinity(ppt) Habitat Rock Host Culture conditions Media Temperature(°C) pH Aeration aero,Antarctic,False
Paenibacillus,Bacteria,7,PAMC 22659,Paenibacillus sp.,Cara Sea/Cara Sea/Cara Sea/Russia/Europe,Sediment (marine),73.83479,67.58873,,Environment Temperature(°C) pH Salinity(ppt) Habitat Sediment (marine) Host Culture conditions Media Tryptic soy agar [4,Arctic,True
Paenibacillus,Bacteria,7,PAMC 22664,Paenibacillus sp.,Cara Sea/Cara Sea/Cara Sea/Russia/Europe,Sediment (marine),73.83479,67.58873,,Environment Temperature(°C) pH Salinity(ppt) Habitat Sediment (marine) Host Culture conditions Media Tryptic soy agar [4,Arctic,True
Paenibacillus,Bacteria,7,PAMC 22667,Paenibacillus sp.,Cara Sea/Cara Sea/Cara Sea/Russia/Europe,Sediment (marine),73.83479,67.58873,,Environment Temperature(°C) pH Salinity(ppt) Habitat Sediment (marine) Host Culture conditions Media Tryptic soy agar [4,Arctic,True
Paenibacillus,Bacteria,7,PAMC 22669,Paenibacillus sp.,Cara Sea/Cara Sea/Cara Sea/Russia/Europe,Sediment (marine),73.83479,67.58873,,Environment Temperature(°C) pH Salinity(ppt) Habitat Sediment (marine) Host Culture conditions Media Tryptic soy agar [4,Arctic,True
Paenibacillus,Bacteria,7,PAMC 22679,Paenibacillus sp.,Cara Sea/Cara Sea/Cara Sea/Russia/Europe,Sediment (marine),73.83479,67.58873,,Environment Temperature(°C) pH Salinity(ppt) Habitat Sediment (marine) Host Culture conditions Media Tryptic soy agar [4,Arctic,True
Paenibacillus,Bacteria,7,PAMC 22691,Paenibacillus sp.,Cara Sea/Cara Sea/Cara Sea/Russia/Europe,Sediment (marine),73.83479,67.58873,,Environment Temperature(°C) pH Salinity(ppt) Habitat Sediment (marine) Host Culture conditions Media Tryptic soy agar [4,Arctic,True
Paenibacillus,Bacteria,7,PAMC 22696,Paenibacillus amylolyticus,Cara Sea/Cara Sea/Cara Sea/Russia/Europe,Sediment (marine),73.83479,67.58873,,Environment Temperature(°C) pH Salinity(ppt) Habitat Sediment (marine) Host Culture conditions Media Tryptic soy agar [4,Arctic,True
Paenibacillus,Bacteria,7,PAMC 22698,Paenibacillus sp.,Cara Sea/Cara Sea/Cara Sea/Russia/Europe,Sediment (marine),73.83479,67.58873,,Environment Temperature(°C) pH Salinity(ppt) Habitat Sediment (marine) Host Culture conditions Media Tryptic soy agar [4,Arctic,True
Paenibacillus,Bacteria,7,PAMC 22699,Paenibacillus sp.,Cara Sea/Cara Sea/Cara Sea/Russia/Europe,Sediment (marine),73.83479,67.58873,,Environment Temperature(°C) pH Salinity(ppt) Habitat Sediment (marine) Host Culture conditions Media Tryptic soy agar [4,Arctic,True
Paenibacillus,Bacteria,7,PAMC 22703,Paenibacillus xylanexedens,Cara Sea/Cara Sea/Cara Sea/Russia/Europe,Sediment (marine),73.83479,67.58873,,Environment Temperature(°C) pH Salinity(ppt) Habitat Sediment (marine) Host Culture conditions Media Tryptic soy agar [4,Arctic,True
Paenibacillus,Bacteria,7,PAMC 22707,Paenibacillus sp.,Cara Sea/Cara Sea/Cara Sea/Russia/Europe,Sediment (marine),73.83479,67.58873,,Environment Temperature(°C) pH Salinity(ppt) Habitat Sediment (marine) Host Culture conditions Media Tryptic soy agar [4,Arctic,True
Paenibacillus,Bacteria,7,PAMC 22708,Paenibacillus xylanexedens,Cara Sea/Cara Sea/Cara Sea/Russia/Europe,Sediment (marine),73.83479,67.58873,,Environment Temperature(°C) pH Salinity(ppt) Habitat Sediment (marine) Host Culture conditions Media Tryptic soy agar [4,Arctic,True
Paenibacillus,Bacteria,7,PAMC 22710,Paenibacillus amylolyticus,Cara Sea/Cara Sea/Cara Sea/Russia/Europe,Sediment (marine),73.83479,67.58873,,Environment Temperature(°C) pH Salinity(ppt) Habitat Sediment (marine) Host Culture conditions Media Tryptic soy agar [4,Arctic,True
Paenibacillus,Bacteria,7,PAMC 22721,Paenibacillus xylanexedens,Cara Sea/Cara Sea/Cara Sea/Russia/Europe,Sediment (marine),73.83479,67.58873,,Environment Temperature(°C) pH Salinity(ppt) Habitat Sediment (marine) Host Culture conditions Media Tryptic soy agar [4,Arctic,True
Paenibacillus,Bacteria,7,PAMC 22722,Paenibacillus xylanexedens,Cara Sea/Cara Sea/Cara Sea/Russia/Europe,Sediment (marine),73.83479,67.58873,,Environment Temperature(°C) pH Salinity(ppt) Habitat Sediment (marine) Host Culture conditions Media Tryptic soy agar [4,Arctic,True
Paenibacillus,Bacteria,7,PAMC 22724,Paenibacillus sp.,Cara Sea/Cara Sea/Cara Sea/Russia/Europe,Sediment (marine),73.83479,67.58873,,Environment Temperature(°C) pH Salinity(ppt) Habitat Sediment (marine) Host Culture conditions Media Tryptic soy agar [4,Arctic,True
Paenibacillus,Bacteria,7,PAMC 22725,Paenibacillus tundrae,Cara Sea/Cara Sea/Cara Sea/Russia/Europe,Sediment (marine),73.83479,67.58873,,Environment Temperature(°C) pH Salinity(ppt) Habitat Sediment (marine) Host Culture conditions Media Tryptic soy agar [4,Arctic,True
Paenibacillus,Bacteria,7,PAMC 22727,Paenibacillus amylolyticus,Cara Sea/Cara Sea/Cara Sea/Russia/Europe,Sediment (marine),73.83479,67.58873,,Environment Temperature(°C) pH Salinity(ppt) Habitat Sediment (marine) Host Culture conditions Media Tryptic soy agar [4,Arctic,True
Paenibacillus,Bacteria,7,PAMC 22728,Paenibacillus xylanexedens,Cara Sea/Cara Sea/Cara Sea/Russia/Europe,Sediment (marine),73.83479,67.58873,,Environment Temperature(°C) pH Salinity(ppt) Habitat Sediment (marine) Host Culture conditions Media Tryptic soy agar [4,Arctic,True
Paenibacillus,Bacteria,7,PAMC 22729,Paenibacillus tundrae,Cara Sea/Cara Sea/Cara Sea/Russia/Europe,Sediment (marine),73.83479,67.58873,,Environment Temperature(°C) pH Salinity(ppt) Habitat Sediment (marine) Host Culture conditions Media Tryptic soy agar [4,Arctic,True
Paenibacillus,Bacteria,7,PAMC 22730,Paenibacillus sp.,Cara Sea/Cara Sea/Cara Sea/Russia/Europe,Sediment (marine),73.83479,67.58873,,Environment Temperature(°C) pH Salinity(ppt) Habitat Sediment (marine) Host Culture conditions Media Tryptic soy agar [4,Arctic,True
Paenibacillus,Bacteria,7,PAMC 22731,Paenibacillus tundrae,Cara Sea/Cara Sea/Cara Sea/Russia/Europe,Sediment (marine),73.83479,67.58873,,Environment Temperature(°C) pH Salinity(ppt) Habitat Sediment (marine) Host Culture conditions Media Tryptic soy agar [4,Arctic,True
Paenibacillus,Bacteria,7,PAMC 22732,Paenibacillus tundrae,Cara Sea/Cara Sea/Cara Sea/Russia/Europe,Sediment (marine),73.83479,67.58873,,Environment Temperature(°C) pH Salinity(ppt) Habitat Sediment (marine) Host Culture conditions Media Tryptic soy agar [4,Arctic,True
Paenibacillus,Bacteria,7,PAMC 22733,Paenibacillus xylanexedens,Cara Sea/Cara Sea/Cara Sea/Russia/Europe,Sediment (marine),73.83479,67.58873,,Environment Temperature(°C) pH Salinity(ppt) Habitat Sediment (marine) Host Culture conditions Media Tryptic soy agar [4,Arctic,True
Paenibacillus,Bacteria,7,PAMC 22735,Paenibacillus amylolyticus,Cara Sea/Cara Sea/Cara Sea/Russia/Europe,Sediment (marine),73.83479,67.58873,,Environment Temperature(°C) pH Salinity(ppt) Habitat Sediment (marine) Host Culture conditions Media Tryptic soy agar [4,Arctic,True
Paenibacillus,Bacteria,7,PAMC 22736,Paenibacillus amylolyticus,Cara Sea/Cara Sea/Cara Sea/Russia/Europe,Sediment (marine),73.83479,67.58873,,Environment Temperature(°C) pH Salinity(ppt) Habitat Sediment (marine) Host Culture conditions Media Tryptic soy agar [4,Arctic,True
Paenibacillus,Bacteria,7,PAMC 22737,Paenibacillus tundrae,Cara Sea/Cara Sea/Cara Sea/Russia/Europe,Sediment (marine),73.83479,67.58873,,Environment Temperature(°C) pH Salinity(ppt) Habitat Sediment (marine) Host Culture conditions Media Tryptic soy agar [4,Arctic,True
Paenibacillus,Bacteria,7,PAMC 22739,Paenibacillus tundrae,Cara Sea/Cara Sea/Cara Sea/Russia/Europe,Sediment (marine),73.83479,67.58873,,Environment Temperature(°C) pH Salinity(ppt) Habitat Sediment (marine) Host Culture conditions Media Tryptic soy agar [4,Arctic,True
Paenibacillus,Bacteria,7,PAMC 22740,Paenibacillus xylanexedens,Cara Sea/Cara Sea/Cara Sea/Russia/Europe,Sediment (marine),73.83479,67.58873,,Environment Temperature(°C) pH Salinity(ppt) Habitat Sediment (marine) Host Culture conditions Media Tryptic soy agar [4,Arctic,True
Paenibacillus,Bacteria,7,PAMC 22741,Paenibacillus xylanexedens,Cara Sea/Cara Sea/Cara Sea/Russia/Europe,Sediment (marine),73.83479,67.58873,,Environment Temperature(°C) pH Salinity(ppt) Habitat Sediment (marine) Host Culture conditions Media Tryptic soy agar [4,Arctic,True
Paenibacillus,Bacteria,7,PAMC 22742,Paenibacillus amylolyticus,Cara Sea/Cara Sea/Cara Sea/Russia/Europe,Sediment (marine),73.83479,67.58873,,Environment Temperature(°C) pH Salinity(ppt) Habitat Sediment (marine) Host Culture conditions Media Tryptic soy agar [4,Arctic,True
Paenibacillus,Bacteria,7,PAMC 22744,Paenibacillus sp.,Cara Sea/Cara Sea/Cara Sea/Russia/Europe,Sediment (marine),73.83479,67.58873,,Environment Temperature(°C) pH Salinity(ppt) Habitat Sediment (marine) Host Culture conditions Media Tryptic soy agar [4,Arctic,True
Paenibacillus,Bacteria,7,PAMC 22745,Paenibacillus xylanexedens,Cara Sea/Cara Sea/Cara Sea/Russia/Europe,Sediment (marine),73.83479,67.58873,,Environment Temperature(°C) pH Salinity(ppt) Habitat Sediment (marine) Host Culture conditions Media Tryptic soy agar [4,Arctic,True
Paenibacillus,Bacteria,7,PAMC 23107,Paenibacillus sp.,Cara Sea/Cara Sea/Cara Sea/Russia/Europe,Sediment (marine),73.83479,67.58873,,Environment Temperature(°C) pH Salinity(ppt) Habitat Sediment (marine) Host Culture conditions Media Tryptic soy agar [4,Arctic,True
Paenibacillus,Bacteria,7,PAMC 23143,Paenibacillus sp.,Cara Sea/Cara Sea/Cara Sea/Russia/Europe,Sediment (marine),73.83479,67.58873,,Environment Temperature(°C) pH Salinity(ppt) Habitat Sediment (marine) Host Culture conditions Media Tryptic soy agar [4,Arctic,True
Paenibacillus,Bacteria,7,PAMC 23144,Paenibacillus sp.,Cara Sea/Cara Sea/Cara Sea/Russia/Europe,Sediment (marine),73.83479,67.58873,,Environment Temperature(°C) pH Salinity(ppt) Habitat Sediment (marine) Host Culture conditions Media Tryptic soy agar [4,Arctic,True
Paenibacillus,Bacteria,7,PAMC 23195,Paenibacillus sp.,Cara Sea/Cara Sea/Cara Sea/Russia/Europe,Sediment (marine),73.83479,67.58873,,Environment Temperature(°C) pH Salinity(ppt) Habitat Sediment (marine) Host Culture conditions Media Tryptic soy agar [4,Arctic,True
Paenibacillus,Bacteria,7,PAMC 23278,Paenibacillus sp.,Cara Sea/Cara Sea/Cara Sea/Russia/Europe,Sediment (marine),73.83479,67.58873,,Environment Temperature(°C) pH Salinity(ppt) Habitat Sediment (marine) Host Culture conditions Media Tryptic soy agar [4,Arctic,True
Paenibacillus,Bacteria,7,PAMC 23509,Paenibacillus sp.,Cara Sea/Cara Sea/Cara Sea/Russia/Europe,Sediment (marine),73.83479,67.58873,,Environment Temperature(°C) pH Salinity(ppt) Habitat Sediment (marine) Host Culture conditions Media Tryptic soy agar [4,Arctic,True
Paenibacillus,Bacteria,7,PAMC 24712,Paenibacillus sp.,Cara Sea/Cara Sea/Cara Sea/Russia/Europe,Sediment (marine),73.83479,67.58873,,Environment Temperature(°C) pH Salinity(ppt) Habitat Sediment (marine) Host Culture conditions Media Tryptic soy agar [4,Arctic,True
Paenibacillus,Bacteria,7,PAMC 24713,Paenibacillus sp.,Cara Sea/Cara Sea/Cara Sea/Russia/Europe,Sediment (marine),73.83479,67.58873,,Environment Temperature(°C) pH Salinity(ppt) Habitat Sediment (marine) Host Culture conditions Media Tryptic soy agar [4,Arctic,True
Paenibacillus,Bacteria,7,PAMC 26516,Paenibacillus sp.,Barton Penninsula/King George Island/South Shetland Islands/Antarctica,Lichen,-62.22605,-58.78357,53,"Usnea, 이끼 등이 혼재하는 자갈밭 이끼 사이 Environment 바람세고, 눈덮힘 Temperature(°C) pH Salinity(ppt) Habitat Lichen Host Culture condition",Antarctic,False
Paenibacillus,Bacteria,7,PAMC 26517,Paenibacillus sp.,Barton Penninsula/King George Island/South Shetland Islands/Antarctica,Lichen,-62.22605,-58.78357,53,"Usnea, 이끼 등이 혼재하는 자갈밭 이끼 사이 Environment 바람세고, 눈덮힘 Temperature(°C) pH Salinity(ppt) Habitat Lichen Host Culture condition",Antarctic,False
Paenibacillus,Bacteria,7,PAMC 26761,Paenibacillus sp.,Council/Alaska/USA/North America,Terrestrial soil,64.84513,-163.71137,-,Environment Temperature(°C) pH Salinity(ppt) Habitat Terrestrial soil Host Culture conditions Media Humic acid+vitamin a,Arctic,False
Paenibacillus,Bacteria,7,PAMC 26764,Paenibacillus sp.,Council/Alaska/USA/North America,Terrestrial soil,64.84513,-163.71137,-,Environment Temperature(°C) pH Salinity(ppt) Habitat Terrestrial soil Host Culture conditions Media Humic acid+vitamin a,Arctic,False
Paenibacillus,Bacteria,7,PAMC 26766,Paenibacillus macquariensis,Council/Alaska/USA/North America,Terrestrial soil,64.84513,-163.71137,-,Environment Temperature(°C) pH Salinity(ppt) Habitat Terrestrial soil Host Culture conditions Media Humic acid+vitamin a,Arctic,False
Paenibacillus,Bacteria,7,PAMC 26788,Paenibacillus sp.,Council/Alaska/USA/North America,Terrestrial soil,64.84513,-163.71137,-,Environment Temperature(°C) pH Salinity(ppt) Habitat Terrestrial soil Host Culture conditions Media Humic acid+vitamin a,Arctic,False
Paenibacillus,Bacteria,7,PAMC 26790,Paenibacillus sp.,Council/Alaska/USA/North America,Terrestrial soil,64.84513,-163.71137,-,Environment Temperature(°C) pH Salinity(ppt) Habitat Terrestrial soil Host Culture conditions Media Humic acid+vitamin a,Arctic,False
Paenibacillus,Bacteria,7,PAMC 26791,Paenibacillus sp.,Council/Alaska/USA/North America,Terrestrial soil,64.84513,-163.71137,-,Environment Temperature(°C) pH Salinity(ppt) Habitat Terrestrial soil Host Culture conditions Media Humic acid+vitamin a,Arctic,False
Paenibacillus,Bacteria,7,PAMC 26792,Paenibacillus sp.,Council/Alaska/USA/North America,Terrestrial soil,64.84513,-163.71137,-,Environment Temperature(°C) pH Salinity(ppt) Habitat Terrestrial soil Host Culture conditions Media Humic acid+vitamin a,Arctic,False
Paenibacillus,Bacteria,7,PAMC 26794,Paenibacillus amylolyticus,Council/Alaska/USA/North America,Terrestrial soil,64.84513,-163.71137,-,Environment Temperature(°C) pH Salinity(ppt) Habitat Terrestrial soil Host Culture conditions Media Humic acid+vitamin a,Arctic,False
Paenibacillus,Bacteria,7,PAMC 26796,Paenibacillus sp.,Council/Alaska/USA/North America,Terrestrial soil,64.84513,-163.71137,-,Environment Temperature(°C) pH Salinity(ppt) Habitat Terrestrial soil Host Culture conditions Media Humic acid+vitamin a,Arctic,False
Paenibacillus,Bacteria,7,PAMC 26797,Paenibacillus sp.,Council/Alaska/USA/North America,Terrestrial soil,64.84513,-163.71137,-,Environment Temperature(°C) pH Salinity(ppt) Habitat Terrestrial soil Host Culture conditions Media Humic acid+vitamin a,Arctic,False
Paenibacillus,Bacteria,7,PAMC 26798,Paenibacillus sp,Council/Alaska/USA/North America,Terrestrial soil,64.84513,-163.71137,-,Environment Temperature(°C) pH Salinity(ppt) Habitat Terrestrial soil Host Culture conditions Media Humic acid+vitamin a,Arctic,False
Paenibacillus,Bacteria,7,PAMC 26799,Paenibacillus sp.,Council/Alaska/USA/North America,Terrestrial soil,64.84513,-163.71137,-,Environment Temperature(°C) pH Salinity(ppt) Habitat Terrestrial soil Host Culture conditions Media Humic acid+vitamin a,Arctic,False
Paenibacillus,Bacteria,7,PAMC 26800,Paenibacillus amylolyticu,Council/Alaska/USA/North America,Terrestrial soil,64.84513,-163.71137,-,Environment Temperature(°C) pH Salinity(ppt) Habitat Terrestrial soil Host Culture conditions Media Humic acid+vitamin a,Arctic,False
Paenibacillus,Bacteria,7,PAMC 26801,Paenibacillus sp.,Council/Alaska/USA/North America,Terrestrial soil,64.84513,-163.71137,-,Environment Temperature(°C) pH Salinity(ppt) Habitat Terrestrial soil Host Culture conditions Media Humic acid+vitamin a,Arctic,False
Paenibacillus,Bacteria,7,PAMC 26802,Paenibacillus sp.,Council/Alaska/USA/North America,Terrestrial soil,64.84513,-163.71137,-,Environment Temperature(°C) pH Salinity(ppt) Habitat Terrestrial soil Host Culture conditions Media Humic acid+vitamin a,Arctic,False
Paenibacillus,Bacteria,7,PAMC 26803,Paenibacillus sp.,Council/Alaska/USA/North America,Terrestrial soil,64.84513,-163.71137,-,Environment Temperature(°C) pH Salinity(ppt) Habitat Terrestrial soil Host Culture conditions Media Humic acid+vitamin a,Arctic,False
Paenibacillus,Bacteria,7,PAMC 26804,Paenibacillus sp.,Council/Alaska/USA/North America,Terrestrial soil,64.84513,-163.71137,-,Environment Temperature(°C) pH Salinity(ppt) Habitat Terrestrial soil Host Culture conditions Media Humic acid+vitamin a,Arctic,False
Paenibacillus,Bacteria,7,PAMC 26807,Paenibacillus sp.,Council/Alaska/USA/North America,Terrestrial soil,64.84513,-163.71137,-,Environment Temperature(°C) pH Salinity(ppt) Habitat Terrestrial soil Host Culture conditions Media Humic acid+vitamin a,Arctic,False
Paenibacillus,Bacteria,7,PAMC 26810,Paenibacillus sp.,Council/Alaska/USA/North America,Terrestrial soil,64.84513,-163.71137,-,Environment Temperature(°C) pH Salinity(ppt) Habitat Terrestrial soil Host Culture conditions Media Humic acid+vitamin a,Arctic,False
Paenibacillus,Bacteria,7,PAMC 26811,Paenibacillus sp.,Council/Alaska/USA/North America,Terrestrial soil,64.84513,-163.71137,-,Environment Temperature(°C) pH Salinity(ppt) Habitat Terrestrial soil Host Culture conditions Media Humic acid+vitamin a,Arctic,False
Paenibacillus,Bacteria,7,PAMC 26812,Paenibacillus sp.,Council/Alaska/USA/North America,Terrestrial soil,64.84513,-163.71137,-,Environment Temperature(°C) pH Salinity(ppt) Habitat Terrestrial soil Host Culture conditions Media Humic acid+vitamin a,Arctic,False
Paenibacillus,Bacteria,7,PAMC 26813,Paenibacillus sp.,Council/Alaska/USA/North America,Terrestrial soil,64.84513,-163.71137,-,Environment Temperature(°C) pH Salinity(ppt) Habitat Terrestrial soil Host Culture conditions Media Humic acid+vitamin a,Arctic,False
Paenibacillus,Bacteria,7,PAMC 26814,Paenibacillus sp.,Council/Alaska/USA/North America,Terrestrial soil,64.84513,-163.71137,-,Environment Temperature(°C) pH Salinity(ppt) Habitat Terrestrial soil Host Culture conditions Media Humic acid+vitamin a,Arctic,False
Paenibacillus,Bacteria,7,PAMC 26815,Paenibacillus sp.,Council/Alaska/USA/North America,Terrestrial soil,64.84513,-163.71137,-,Environment Temperature(°C) pH Salinity(ppt) Habitat Terrestrial soil Host Culture conditions Media Humic acid+vitamin a,Arctic,False
Paenibacillus,Bacteria,7,PAMC 26816,Paenibacillus amylolyticus,Council/Alaska/USA/North America,Terrestrial soil,64.84513,-163.71137,-,Environment Temperature(°C) pH Salinity(ppt) Habitat Terrestrial soil Host Culture conditions Media Humic acid+vitamin a,Arctic,False
Paenibacillus,Bacteria,7,PAMC 26817,Paenibacillus sp.,Council/Alaska/USA/North America,Terrestrial soil,64.84513,-163.71137,-,Environment Temperature(°C) pH Salinity(ppt) Habitat Terrestrial soil Host Culture conditions Media Humic acid+vitamin a,Arctic,False
Paenibacillus,Bacteria,7,PAMC 26820,Paenibacillus sp.,Council/Alaska/USA/North America,Terrestrial soil,64.84513,-163.71137,-,Environment Temperature(°C) pH Salinity(ppt) Habitat Terrestrial soil Host Culture conditions Media Humic acid+vitamin a,Arctic,False
Paenibacillus,Bacteria,7,PAMC 26823,Paenibacillus sp,Council/Alaska/USA/North America,Terrestrial soil,64.84513,-163.71137,-,Environment Temperature(°C) pH Salinity(ppt) Habitat Terrestrial soil Host Culture conditions Media Humic acid+vitamin a,Arctic,False
Paenibacillus,Bacteria,7,PAMC 26829,Paenibacillus sp,Council/Alaska/USA/North America,Terrestrial soil,64.84513,-163.71137,-,Environment Temperature(°C) pH Salinity(ppt) Habitat Terrestrial soil Host Culture conditions Media Humic acid+vitamin a,Arctic,False
Paenibacillus,Bacteria,7,PAMC 26832,Paenibacillus sp.,Council/Alaska/USA/North America,Terrestrial soil,64.84513,-163.71137,-,Environment Temperature(°C) pH Salinity(ppt) Habitat Terrestrial soil Host Culture conditions Media Humic acid+vitamin a,Arctic,False
Paenibacillus,Bacteria,7,PAMC 27260,Paenibacillus sp.,Chukchi Sea/Arctic Ocean,marine sediment,82.17917,-171.86833,,Environment Temperature(°C) pH Salinity(ppt) Habitat Sea ice Host Culture conditions Media Marine agar [66] Temperature(,Arctic,True
Paenibacillus,Bacteria,7,PAMC 27826,Paenibacillus sp.,Ross Sea/Antarctica,Animal,-76.4788,163.37823,,Environment Temperature(°C) pH Salinity(ppt) Habitat Animal Host Culture conditions Media Temperature(°C) pH Aeration ae,Antarctic,True
Paenibacillus,Bacteria,7,PAMC 27994,Paenibacillus xylanexedens,Northern Victoria Land (NVL)/Antarctica,Rock,-72.69727,165.99457,-,Environment Temperature(°C) pH Salinity(ppt) Habitat Rock Host Culture conditions Media Temperature(°C) pH Aeration aero,Antarctic,False
Paenibacillus,Bacteria,7,PAMC 28305,Paenibacillus sp.,Beaufort Sea/Arctic Ocean,Marine Sediment,70.80185,-136.09969,,Environment Temperature(°C) pH Salinity(ppt) Habitat Sea Water Host Culture conditions Media Temperature(°C) pH Aeration,Arctic,True
Paenibacillus,Bacteria,7,PAMC 28435,Paenibacillus sp.,Mountain Rwenzori/Western Uganda/Republic of Uganda/Africa,Terrestrial soil,,,,Environment Temperature(°C) pH Salinity(ppt) Habitat Terrestrial soil Host Culture conditions Media Temperature(°C) pH A,Other,False
Psychroserpens,Bacteria,7,PAMC 27104,Psychroserpens sp.,Ross sea/Antarctica,Sea sediment,,,,Environment Temperature(°C) 7.74 pH -2.2 Salinity(ppt) 15 Habitat Sea sediment Host Culture conditions Media Marine agar,Antarctic,True
Psychroserpens,Bacteria,7,PAMC 27106,Psychroserpens sp.,Ross sea/Antarctica,Sea sediment,,,,Environment Temperature(°C) 7.74 pH -2.2 Salinity(ppt) 15 Habitat Sea sediment Host Culture conditions Media Marine agar,Antarctic,True
Psychroserpens,Bacteria,7,PAMC 27128,Psychroserpens damuponensis,Franklin Island 부근/Ross sea/Antarctica,Sea sediment,,,,Environment Temperature(°C) pH Salinity(ppt) Habitat Sea sediment Host Culture conditions Media Marine agar [66] Tempera,Antarctic,True
Psychroserpens,Bacteria,7,PAMC 27130,Psychroserpens jangbononenesis,Ross sea/Antarctica,Sea sediment,,,,Environment Temperature(°C) 7.74 pH -2.2 Salinity(ppt) 15 Habitat Sea sediment Host Culture conditions Media Marine agar,Antarctic,True
Psychroserpens,Bacteria,7,PAMC 27206,Psychroserpens sp.,Ross sea/Antarctica,Sea sediment,,,,Environment Temperature(°C) 7.74 pH -2.2 Salinity(ppt) 15 Habitat Sea sediment Host Culture conditions Media Marine agar,Antarctic,True
Psychroserpens,Bacteria,7,PAMC 27216,Psychroserpens sp.,Ross sea/Antarctica,Sea sediment,,,,Environment Temperature(°C) 7.74 pH -2.2 Salinity(ppt) 15 Habitat Sea sediment Host Culture conditions Media Marine agar,Antarctic,True
Psychroserpens,Bacteria,7,PAMC 27220,Psychroserpens sp.,Ross sea/Antarctica,Sea sediment,,,,Environment Temperature(°C) 7.74 pH -2.2 Salinity(ppt) 15 Habitat Sea sediment Host Culture conditions Media Marine agar,Antarctic,True
Psychroserpens,Bacteria,7,PAMC 27238,Psychroserpens sp.,Ross sea/Antarctica,Sea sediment,,,,Environment Temperature(°C) 7.74 pH -2.2 Salinity(ppt) 15 Habitat Sea sediment Host Culture conditions Media Marine agar,Antarctic,True
Psychroserpens,Bacteria,7,PAMC 27240,Psychroserpens damuponensis,Franklin Island 부근/Ross sea/Antarctica,Sea sediment,,,,Environment Temperature(°C) pH Salinity(ppt) Habitat Sea sediment Host Culture conditions Media Marine agar [66] Tempera,Antarctic,True
Psychromonas,Bacteria,7,PAMC 20952,Psychromonas sp.,Ny-Ålesund/Svalbard/Norway,Sediment (marine),78.55,11.53,,Sediment 2 of King's Bay Environment Temperature(°C) pH Salinity(ppt) Habitat unknown Host Culture conditions Media ZoBe,Arctic,True
Psychromonas,Bacteria,7,PAMC 21984,Psychromonas arctica,King George Island/South Shetland Islands/Antarctica,Algae (marine),,,,Environment Temperature(°C) pH Salinity(ppt) Habitat Terrestrial soil Host Culture conditions Media MSB+Xylan agar or Hu,Antarctic,True
Psychromonas,Bacteria,7,PAMC 22010,Psychromonas sp.,King George Island/South Shetland Islands/Antarctica,Soil (sea shore),,,,Environment Temperature(°C) pH Salinity(ppt) Habitat Terrestrial soil Host Culture conditions Media MSB+Xylan agar or Hu,Antarctic,False
Psychromonas,Bacteria,7,PAMC 22050,Psychromonas sp.,King George Island/South Shetland Islands/Antarctica,Soil (sea shore),,,,Environment Temperature(°C) pH Salinity(ppt) Habitat Terrestrial soil Host Culture conditions Media MSB+Xylan agar or Hu,Antarctic,False
Psychromonas,Bacteria,7,PAMC 22215,Psychromonas sp.,Ny-Ålesund/Svalbard/Norway/Europe,Sediment (marine),78.92267,11.89147,,Environment Temperature(°C) pH Salinity(ppt) Habitat Sediment (marine) Host Culture conditions Media ZoBell agar [2] Tem,Arctic,True
Marinobacter,Bacteria,6,PAMC 27547,Marinobacter sp.,Chukchi Sea/Arctic Ocean,Sea Water,82.17917,-171.86833,,Environment Temperature(°C) pH Salinity(ppt) Habitat Sea ice Host Culture conditions Media Marine agar [66] Temperature(,Arctic,True
Marinobacter,Bacteria,6,PAMC 27551,Marinobacter sp.,Chukchi Sea/Arctic Ocean,Sea Water,82.17917,-171.86833,,Environment Temperature(°C) pH Salinity(ppt) Habitat Sea ice Host Culture conditions Media Marine agar [66] Temperature(,Arctic,True
Marinobacter,Bacteria,6,PAMC 27552,Marinobacter sp.,Chukchi Sea/Arctic Ocean,Sea Water,82.17917,-171.86833,,Environment Temperature(°C) pH Salinity(ppt) Habitat Sea ice Host Culture conditions Media Marine agar [66] Temperature(,Arctic,True
Marinobacter,Bacteria,6,PAMC 27576,Marinobacter sp.,Chukchi Sea/Arctic Ocean,Sea Water,82.17917,-171.86833,,Environment Temperature(°C) pH Salinity(ppt) Habitat Sea ice Host Culture conditions Media Marine agar [66] Temperature(,Arctic,True
Marinobacter,Bacteria,6,PAMC 28280,Marinobacter sp.,Beaufort Sea/Arctic Ocean,Sea Water,70.80185,-136.09969,,Environment Temperature(°C) pH Salinity(ppt) Habitat Sea Water Host Culture conditions Media Temperature(°C) pH Aeration,Arctic,True
Marinobacter,Bacteria,6,PAMC 28282,Marinobacter sp.,Beaufort Sea/Arctic Ocean,Sea Water,70.80185,-136.09969,,Environment Temperature(°C) pH Salinity(ppt) Habitat Sea Water Host Culture conditions Media Temperature(°C) pH Aeration,Arctic,True
Marinobacter,Bacteria,6,PAMC 28283,Marinobacter sp.,Beaufort Sea/Arctic Ocean,Sea Water,70.80185,-136.09969,,Environment Temperature(°C) pH Salinity(ppt) Habitat Sea Water Host Culture conditions Media Temperature(°C) pH Aeration,Arctic,True
Marinobacter,Bacteria,6,PAMC 28292,Marinobacter sp.,Beaufort Sea/Arctic Ocean,Sea Water,70.80185,-136.09969,,Environment Temperature(°C) pH Salinity(ppt) Habitat Sea Water Host Culture conditions Media Temperature(°C) pH Aeration,Arctic,True
Paraglaciecola,Bacteria,6,PAMC 28374,Paraglaciecola sp.,Beaufort Sea/Arctic Ocean,Sea Water,70.80185,-136.09969,,Environment Temperature(°C) pH Salinity(ppt) Habitat Sea Water Host Culture conditions Media Temperature(°C) pH Aeration,Arctic,True
Colwellia,Bacteria,4,PAMC 20905,Colwellia sp.,Ny-Ålesund/Svalbard/Norway,unknown,78.55,11.53,,Sediment 2 of King's Bay Environment Temperature(°C) pH Salinity(ppt) Habitat unknown Host Culture conditions Media ZoBe,Arctic,False
Colwellia,Bacteria,4,PAMC 20917,Colwellia hornerae,Ny-Ålesund/Svalbard/Norway,unknown,78.55,11.53,,Sediment 2 of King's Bay Environment Temperature(°C) pH Salinity(ppt) Habitat unknown Host Culture conditions Media ZoBe,Arctic,False
Colwellia,Bacteria,4,PAMC 21821,Colwellia sp.,King George Island/South Shetland Islands/Antarctica,Water (sea),,,,Environment Temperature(°C) pH Salinity(ppt) Habitat Terrestrial soil Host Culture conditions Media MSB+Xylan agar or Hu,Antarctic,True
Subtercola,Bacteria,4,PAMC 26576,Subtercola sp.,Dasan Korean Arctic Station/Ny-Ålesund/Svalbard/Norway/Europe,lichen,78.9123,11.95463,56,다양한 식물과 지의류 관찰되는 돌로 이루어진 언덕 돌이 많은 곳의 이끼 위 Environment 다산기지 사격장과 길가 사이 언덕 Temperature(°C) 8 pH Salinity(ppt) Habitat lich,Arctic,False
Subtercola,Bacteria,4,PAMC 27443,Subtercola boreus,Barton Peninsula/King George Island/South Shetland Islands/Antarctica,Fresh Water,-62.21967,-58.78667,,Environment Temperature(°C) pH Salinity(ppt) Habitat Sea water Host Culture conditions Media R2A agar [6] Temperature(°C,Antarctic,False
Subtercola,Bacteria,4,PAMC 27444,Subtercola boreus,Barton Peninsula/King George Island/South Shetland Islands/Antarctica,Fresh Water,-62.21967,-58.78667,,Environment Temperature(°C) pH Salinity(ppt) Habitat Sea water Host Culture conditions Media R2A agar [6] Temperature(°C,Antarctic,False
Subtercola,Bacteria,4,PAMC 27474,Subtercola boreus,Barton Peninsula/King George Island/South Shetland Islands/Antarctica,Fresh Water,-62.21967,-58.78667,,Environment Temperature(°C) pH Salinity(ppt) Habitat Sea water Host Culture conditions Media R2A agar [6] Temperature(°C,Antarctic,False
Subtercola,Bacteria,4,PAMC 27479,Subtercola sp.,Barton Peninsula/King George Island/South Shetland Islands/Antarctica,Terrestrial soil,-62.21967,-58.78667,,Environment Temperature(°C) pH Salinity(ppt) Habitat Sea water Host Culture conditions Media R2A agar [6] Temperature(°C,Antarctic,False
Subtercola,Bacteria,4,PAMC 27838,Subtercola boreus,Northern Victoria Land (NVL)/Antarctica,Rock,-72.69727,165.99457,-,Environment Temperature(°C) pH Salinity(ppt) Habitat Rock Host Culture conditions Media Temperature(°C) pH Aeration aero,Antarctic,False
Subtercola,Bacteria,4,PAMC 27840,Subtercola boreus,Northern Victoria Land (NVL)/Antarctica,Rock,-72.69727,165.99457,-,Environment Temperature(°C) pH Salinity(ppt) Habitat Rock Host Culture conditions Media Temperature(°C) pH Aeration aero,Antarctic,False
Subtercola,Bacteria,4,PAMC 27875,Subtercola boreus,Northern Victoria Land (NVL)/Antarctica,Rock,-72.69727,165.99457,-,Environment Temperature(°C) pH Salinity(ppt) Habitat Rock Host Culture conditions Media Temperature(°C) pH Aeration aero,Antarctic,False
Subtercola,Bacteria,4,PAMC 27886,Subtercola boreus,Northern Victoria Land (NVL)/Antarctica,Rock,-72.69727,165.99457,-,Environment Temperature(°C) pH Salinity(ppt) Habitat Rock Host Culture conditions Media Temperature(°C) pH Aeration aero,Antarctic,False
Subtercola,Bacteria,4,PAMC 27924,Subtercola boreus,Northern Victoria Land (NVL)/Antarctica,Rock,-72.69727,165.99457,-,Environment Temperature(°C) pH Salinity(ppt) Habitat Rock Host Culture conditions Media Temperature(°C) pH Aeration aero,Antarctic,False
Subtercola,Bacteria,4,PAMC 27928,Subtercola boreus,Northern Victoria Land (NVL)/Antarctica,Rock,-72.69727,165.99457,-,Environment Temperature(°C) pH Salinity(ppt) Habitat Rock Host Culture conditions Media Temperature(°C) pH Aeration aero,Antarctic,False
Subtercola,Bacteria,4,PAMC 27979,Subtercola boreus,Northern Victoria Land (NVL)/Antarctica,Rock,-72.69727,165.99457,-,Environment Temperature(°C) pH Salinity(ppt) Habitat Rock Host Culture conditions Media Temperature(°C) pH Aeration aero,Antarctic,False
Subtercola,Bacteria,4,PAMC 27992,Subtercola boreus,Northern Victoria Land (NVL)/Antarctica,Rock,-72.69727,165.99457,-,Environment Temperature(°C) pH Salinity(ppt) Habitat Rock Host Culture conditions Media Temperature(°C) pH Aeration aero,Antarctic,False
Subtercola,Bacteria,4,PAMC 27995,Subtercola boreus,Northern Victoria Land (NVL)/Antarctica,Rock,-72.69727,165.99457,-,Environment Temperature(°C) pH Salinity(ppt) Habitat Rock Host Culture conditions Media Temperature(°C) pH Aeration aero,Antarctic,False
Subtercola,Bacteria,4,PAMC 27998,Subtercola boreus,Northern Victoria Land (NVL)/Antarctica,Rock,-72.69727,165.99457,-,Environment Temperature(°C) pH Salinity(ppt) Habitat Rock Host Culture conditions Media Temperature(°C) pH Aeration aero,Antarctic,False
Subtercola,Bacteria,4,PAMC 28004,Subtercola boreus,Northern Victoria Land (NVL)/Antarctica,Rock,-72.69727,165.99457,-,Environment Temperature(°C) pH Salinity(ppt) Habitat Rock Host Culture conditions Media Temperature(°C) pH Aeration aero,Antarctic,False
Subtercola,Bacteria,4,PAMC 28006,Subtercola boreus,Northern Victoria Land (NVL)/Antarctica,Rock,-72.69727,165.99457,-,Environment Temperature(°C) pH Salinity(ppt) Habitat Rock Host Culture conditions Media Temperature(°C) pH Aeration aero,Antarctic,False
Subtercola,Bacteria,4,PAMC 28007,Subtercola boreus,Northern Victoria Land (NVL)/Antarctica,Rock,-72.69727,165.99457,-,Environment Temperature(°C) pH Salinity(ppt) Habitat Rock Host Culture conditions Media Temperature(°C) pH Aeration aero,Antarctic,False
Subtercola,Bacteria,4,PAMC 28023,Subtercola boreus,Northern Victoria Land (NVL)/Antarctica,Rock,-72.69727,165.99457,-,Environment Temperature(°C) pH Salinity(ppt) Habitat Rock Host Culture conditions Media Temperature(°C) pH Aeration aero,Antarctic,False
Subtercola,Bacteria,4,PAMC 28024,Subtercola boreus,Northern Victoria Land (NVL)/Antarctica,Rock,-72.69727,165.99457,-,Environment Temperature(°C) pH Salinity(ppt) Habitat Rock Host Culture conditions Media Temperature(°C) pH Aeration aero,Antarctic,False
Subtercola,Bacteria,4,PAMC 28025,Subtercola boreus,Northern Victoria Land (NVL)/Antarctica,Rock,-72.69727,165.99457,-,Environment Temperature(°C) pH Salinity(ppt) Habitat Rock Host Culture conditions Media Temperature(°C) pH Aeration aero,Antarctic,False
Subtercola,Bacteria,4,PAMC 28031,Subtercola boreus,Northern Victoria Land (NVL)/Antarctica,Rock,-72.69727,165.99457,-,Environment Temperature(°C) pH Salinity(ppt) Habitat Rock Host Culture conditions Media Temperature(°C) pH Aeration aero,Antarctic,False
Subtercola,Bacteria,4,PAMC 28046,Subtercola boreus,Northern Victoria Land (NVL)/Antarctica,Rock,-72.69727,165.99457,-,Environment Temperature(°C) pH Salinity(ppt) Habitat Rock Host Culture conditions Media Temperature(°C) pH Aeration aero,Antarctic,False
Subtercola,Bacteria,4,PAMC 28048,Subtercola boreus,Northern Victoria Land (NVL)/Antarctica,Rock,-72.69727,165.99457,-,Environment Temperature(°C) pH Salinity(ppt) Habitat Rock Host Culture conditions Media Temperature(°C) pH Aeration aero,Antarctic,False
Subtercola,Bacteria,4,PAMC 28059,Subtercola boreus,Northern Victoria Land (NVL)/Antarctica,Rock,-72.69727,165.99457,-,Environment Temperature(°C) pH Salinity(ppt) Habitat Rock Host Culture conditions Media Temperature(°C) pH Aeration aero,Antarctic,False
Subtercola,Bacteria,4,PAMC 28061,Subtercola boreus,Northern Victoria Land (NVL)/Antarctica,Rock,-72.69727,165.99457,-,Environment Temperature(°C) pH Salinity(ppt) Habitat Rock Host Culture conditions Media Temperature(°C) pH Aeration aero,Antarctic,False
Subtercola,Bacteria,4,PAMC 28068,Subtercola boreus,Northern Victoria Land (NVL)/Antarctica,Rock,-72.69727,165.99457,-,Environment Temperature(°C) pH Salinity(ppt) Habitat Rock Host Culture conditions Media Temperature(°C) pH Aeration aero,Antarctic,False
Subtercola,Bacteria,4,PAMC 28069,Subtercola boreus,Northern Victoria Land (NVL)/Antarctica,Rock,-72.69727,165.99457,-,Environment Temperature(°C) pH Salinity(ppt) Habitat Rock Host Culture conditions Media Temperature(°C) pH Aeration aero,Antarctic,False
Subtercola,Bacteria,4,PAMC 28095,Subtercola boreus,Northern Victoria Land (NVL)/Antarctica,Rock,-72.69727,165.99457,-,Environment Temperature(°C) pH Salinity(ppt) Habitat Rock Host Culture conditions Media Temperature(°C) pH Aeration aero,Antarctic,False
Subtercola,Bacteria,4,PAMC 28096,Subtercola boreus,Northern Victoria Land (NVL)/Antarctica,Rock,-72.69727,165.99457,-,Environment Temperature(°C) pH Salinity(ppt) Habitat Rock Host Culture conditions Media Temperature(°C) pH Aeration aero,Antarctic,False
Subtercola,Bacteria,4,PAMC 28103,Subtercola boreus,Northern Victoria Land (NVL)/Antarctica,Rock,-72.69727,165.99457,-,Environment Temperature(°C) pH Salinity(ppt) Habitat Rock Host Culture conditions Media Temperature(°C) pH Aeration aero,Antarctic,False
Subtercola,Bacteria,4,PAMC 28395,Subtercola Frigoramans,Mountain Rwenzori/Western Uganda/Republic of Uganda/Africa,Terrestrial soil,,,,Environment Temperature(°C) pH Salinity(ppt) Habitat Terrestrial soil Host Culture conditions Media Temperature(°C) pH A,Other,False
Subtercola,Bacteria,4,PAMC 28441,Subtercola frigoramans,Mountain Rwenzori/Western Uganda/Republic of Uganda/Africa,Terrestrial soil,,,,Environment Temperature(°C) pH Salinity(ppt) Habitat Terrestrial soil Host Culture conditions Media Temperature(°C) pH A,Other,False
Subtercola,Bacteria,4,PAMC 28475,Subtercola frigoramans,Mountain Rwenzori/Western Uganda/Republic of Uganda/Africa,Glacial,,,,Environment Temperature(°C) pH Salinity(ppt) Habitat Terrestrial soil Host Culture conditions Media Temperature(°C) pH A,Other,False
Lacinutrix,Bacteria,3,PAMC 27137,Lacinutrix jangbononenesis,Ross sea/Antarctica,Sea sediment,,,,Environment Temperature(°C) 7.74 pH -2.2 Salinity(ppt) 15 Habitat Sea sediment Host Culture conditions Media Marine agar,Antarctic,True
Jatrophihabitans,Bacteria,3,PAMC 28484,Jatrophihabitans sp.,Mountain Rwenzori/Western Uganda/Republic of Uganda/Africa,Terrestrial soil,,,,Environment Temperature(°C) pH Salinity(ppt) Habitat Terrestrial soil Host Culture conditions Media Temperature(°C) pH A,Other,False
Janthinobacterium,Bacteria,3,PAMC 25594,Janthinobacterium lividum,Eisgratferner - Stubaier glacier/Innsbruck/Tyrol/Austria/Europe,Cryoconite,47.04,12.41,2900,human impact,Alpine,False
Janthinobacterium,Bacteria,3,PAMC 25595,Janthinobacterium lividum,Eisgratferner - Stubaier glacier/Innsbruck/Tyrol/Austria/Europe,Cryoconite,47.04,12.41,2900,human impact,Alpine,False
Janthinobacterium,Bacteria,3,PAMC 25596,Janthinobacterium lividum,Eisgratferner - Stubaier glacier/Innsbruck/Tyrol/Austria/Europe,Cryoconite,47.04,12.41,2900,human impact,Alpine,False
Janthinobacterium,Bacteria,3,PAMC 25641,Janthinobacterium lividum,Eisgratferner - Stubaier glacier/Innsbruck/Tyrol/Austria/Europe,Cryoconite,47.04,12.41,2900,human impact,Alpine,False
Janthinobacterium,Bacteria,3,PAMC 25644,Janthinobacterium lividum,Eisgratferner - Stubaier glacier/Innsbruck/Tyrol/Austria/Europe,Cryoconite,47.04,12.41,2900,human impact,Alpine,False
Janthinobacterium,Bacteria,3,PAMC 25648,Janthinobacterium lividum,Eisgratferner - Stubaier glacier/Innsbruck/Tyrol/Austria/Europe,Cryoconite,47.04,12.41,2900,human impact,Alpine,False
Janthinobacterium,Bacteria,3,PAMC 25649,Janthinobacterium lividum,Eisgratferner - Stubaier glacier/Innsbruck/Tyrol/Austria/Europe,Cryoconite,47.04,12.41,2900,human impact,Alpine,False
Janthinobacterium,Bacteria,3,PAMC 25651,Janthinobacterium lividum,Eisgratferner - Stubaier glacier/Innsbruck/Tyrol/Austria/Europe,Cryoconite,47.04,12.41,2900,human impact,Alpine,False
Janthinobacterium,Bacteria,3,PAMC 25663,Janthinobacterium lividum,"Pasterze - Großglockner,Hohe Tauern/Innsbruck/Tyrol/Austria/Europe",Cryoconite,47.04,12.41,2200,human impact,Alpine,False
Janthinobacterium,Bacteria,3,PAMC 25669,Janthinobacterium lividum,"Pasterze - Großglockner,Hohe Tauern/Innsbruck/Tyrol/Austria/Europe",Cryoconite,47.04,12.41,2200,human impact,Alpine,False
Janthinobacterium,Bacteria,3,PAMC 25691,Janthinobacterium lividum,"Pitztaler Jöchl Ferner, Ötztaler Alps/Innsbruck/Tyrol/Austria/Europe",Cryoconite,47.04,12.41,2875,human impact,Alpine,False
Janthinobacterium,Bacteria,3,PAMC 25696,Janthinobacterium lividum,"Pitztaler Jöchl Ferner, Ötztaler Alps/Innsbruck/Tyrol/Austria/Europe",Cryoconite,47.04,12.41,2875,human impact,Alpine,False
Janthinobacterium,Bacteria,3,PAMC 25697,Janthinobacterium lividum,"Pitztaler Jöchl Ferner, Ötztaler Alps/Innsbruck/Tyrol/Austria/Europe",Cryoconite,47.04,12.41,2875,human impact,Alpine,False
Janthinobacterium,Bacteria,3,PAMC 25709,Janthinobacterium lividum,Tiefenbachferner - Ötztaler Alps/Innsbruck/Tyrol/Austria/Europe,Cryoconite,47.04,12.41,2900,human impact,Alpine,False
Janthinobacterium,Bacteria,3,PAMC 25720,Janthinobacterium lividum,"Pasterze - Großglockner,Hohe Tauern/Innsbruck/Tyrol/Austria/Europe",Cryoconite,47.04,12.41,2200,human impact,Alpine,False
Janthinobacterium,Bacteria,3,PAMC 25724,Janthinobacterium lividum,"Pasterze - Großglockner,Hohe Tauern/Innsbruck/Tyrol/Austria/Europe",Cryoconite,47.04,12.41,2200,human impact,Alpine,False
Janthinobacterium,Bacteria,3,PAMC 25744,Janthinobacterium lividum,"Bankerferner - Wurmkogel, Ötztaler Alps/Innsbruck/Tyrol/Austria/Europe",Cryoconite,47.04,12.41,2820,human impact,Alpine,False
Janthinobacterium,Bacteria,3,PAMC 25775,Janthinobacterium lividum,Tiefenbachferner - Ötztaler Alps/Innsbruck/Tyrol/Austria/Europe,Cryoconite,47.04,12.41,2900,human impact,Alpine,False
Janthinobacterium,Bacteria,3,PAMC 25784,Janthinobacterium lividum,Tiefenbachferner - Ötztaler Alps/Innsbruck/Tyrol/Austria/Europe,Cryoconite,47.04,12.41,2900,human impact,Alpine,False
Janthinobacterium,Bacteria,3,PAMC 25822,Janthinobacterium lividum,"Pitztaler Jöchl Ferner, Ötztaler Alps/Innsbruck/Tyrol/Austria/Europe",Cryoconite,47.04,12.41,2875,human impact,Alpine,False
Janthinobacterium,Bacteria,3,PAMC 25830,Janthinobacterium lividum,"Pitztaler Jöchl Ferner, Ötztaler Alps/Innsbruck/Tyrol/Austria/Europe",Cryoconite,47.04,12.41,2875,human impact,Alpine,False
Janthinobacterium,Bacteria,3,PAMC 25845,Janthinobacterium lividum,Eisgratferner - Stubaier glacier/Innsbruck/Tyrol/Austria/Europe,Cryoconite,47.04,12.41,2900,human impact,Alpine,False
Janthinobacterium,Bacteria,3,PAMC 25846,Janthinobacterium lividum,Eisgratferner - Stubaier glacier/Innsbruck/Tyrol/Austria/Europe,Cryoconite,47.04,12.41,2900,human impact,Alpine,False
Janthinobacterium,Bacteria,3,PAMC 25850,Janthinobacterium lividum,Eisgratferner - Stubaier glacier/Innsbruck/Tyrol/Austria/Europe,Cryoconite,47.04,12.41,2900,human impact,Alpine,False
Janthinobacterium,Bacteria,3,PAMC 25862,Janthinobacterium lividum,"Pasterze - Großglockner,Hohe Tauern/Innsbruck/Tyrol/Austria/Europe",Cryoconite,47.04,12.41,2200,human impact,Alpine,False
Janthinobacterium,Bacteria,3,PAMC 25892,Janthinobacterium lividum,Eisgratferner - Stubaier glacier/Innsbruck/Tyrol/Austria/Europe,Cryoconite,47.04,12.41,2900,human impact,Alpine,False
Janthinobacterium,Bacteria,3,PAMC 25895,Janthinobacterium lividum,Eisgratferner - Stubaier glacier/Innsbruck/Tyrol/Austria/Europe,Cryoconite,47.04,12.41,2900,human impact,Alpine,False
Janthinobacterium,Bacteria,3,PAMC 25897,Janthinobacterium lividum,Eisgratferner - Stubaier glacier/Innsbruck/Tyrol/Austria/Europe,Cryoconite,47.04,12.41,2900,human impact,Alpine,False
Janthinobacterium,Bacteria,3,PAMC 25904,Janthinobacterium lividum,"Pasterze - Großglockner,Hohe Tauern/Innsbruck/Tyrol/Austria/Europe",Cryoconite,47.04,12.41,2200,human impact,Alpine,False
Janthinobacterium,Bacteria,3,PAMC 27463,Janthinobacterium sp.,Barton Peninsula/King George Island/South Shetland Islands/Antarctica,Fresh Water,-62.21967,-58.78667,,Environment Temperature(°C) pH Salinity(ppt) Habitat Sea water Host Culture conditions Media R2A agar [6] Temperature(°C,Antarctic,False
Janthinobacterium,Bacteria,3,PAMC 27464,Janthinobacterium sp.,Barton Peninsula/King George Island/South Shetland Islands/Antarctica,Terrestrial soil,-62.21967,-58.78667,,Environment Temperature(°C) pH Salinity(ppt) Habitat Sea water Host Culture conditions Media R2A agar [6] Temperature(°C,Antarctic,False
Janthinobacterium,Bacteria,3,PAMC 28406,Janthinobacterium sp.,Mountain Rwenzori/Western Uganda/Republic of Uganda/Africa,Terrestrial soil,,,,Environment Temperature(°C) pH Salinity(ppt) Habitat Terrestrial soil Host Culture conditions Media Temperature(°C) pH A,Other,False
Nesterenkonia,Bacteria,3,PAMC 27828,Nesterenkonia sp.,Ross Sea/Antarctica,Sea Water,-76.4788,163.37823,,Environment Temperature(°C) pH Salinity(ppt) Habitat Animal Host Culture conditions Media Temperature(°C) pH Aeration ae,Antarctic,True
Chryseobacterium,Bacteria,2,PAMC 21867,Chryseobacterium antarcticum,King George Island/South Shetland Islands/Antarctica,Debris (animal excrement),,,,Environment Temperature(°C) pH Salinity(ppt) Habitat Terrestrial soil Host Culture conditions Media MSB+Xylan agar or Hu,Antarctic,False
Chryseobacterium,Bacteria,2,PAMC 21872,Chryseobacterium antarcticum,King George Island/South Shetland Islands/Antarctica,Debris (animal excrement),,,,Environment Temperature(°C) pH Salinity(ppt) Habitat Terrestrial soil Host Culture conditions Media MSB+Xylan agar or Hu,Antarctic,False
Chryseobacterium,Bacteria,2,PAMC 25164,Chryseobacterium marinum,세종기지/펭귄마을 방향 해안가 바위 위/Barton Peninsula/King George Island/South Shetland Islands/Antarctica,Water (sea),-62.22418,-58.7859,,수위가 높을때 들어온 해수가 정체되어 있는 곳 Environment Temperature(°C) pH Salinity(ppt) Habitat Water (sea) Host Culture conditions Media,Antarctic,True
Chryseobacterium,Bacteria,2,PAMC 25179,Chryseobacterium sp.,세종기지/세종호/Barton Peninsula/King George Island/South Shetland Islands/Antarctica,Water (fresh),-62.13,-58.47,,"기지 앞, 세종호 (호수의 대부분이 얼음으로 덮혀 있는 상태) Environment Temperature(°C) pH Salinity(ppt) Habitat Water (fresh) Host Culture condi",Antarctic,False
Chryseobacterium,Bacteria,2,PAMC 27386,Chryseobacterium sp.,Ardley Island/South Shetland Islands/Antarctica,Terrestrial soil,-62.2065,-58.9205,,Environment Temperature(°C) pH Salinity(ppt) Habitat Lichen Host Culture conditions Media R2A agar [6] Temperature(°C) p,Antarctic,False
Arenibacter,Bacteria,2,PAMC 21328,Arenibacter sp.,King George Island/South Shetland Islands/Antarctica,Soil (sea shore),,,,Environment Temperature(°C) pH Salinity(ppt) Habitat Terrestrial soil Host Culture conditions Media MSB+Xylan agar or Hu,Antarctic,False
Leptothrix,Bacteria,2,PAMC 28458,Leptothrix sp.,Mountain Rwenzori/Western Uganda/Republic of Uganda/Africa,Terrestrial soil,,,,Environment Temperature(°C) pH Salinity(ppt) Habitat Terrestrial soil Host Culture conditions Media Temperature(°C) pH A,Other,False
Leptothrix,Bacteria,2,PAMC 28486,Leptothrix sp.,Mountain Rwenzori/Western Uganda/Republic of Uganda/Africa,Terrestrial soil,,,,Environment Temperature(°C) pH Salinity(ppt) Habitat Terrestrial soil Host Culture conditions Media Temperature(°C) pH A,Other,False
Demequina,Bacteria,2,PAMC 21837,Demequina sp.,King George Island/South Shetland Islands/Antarctica,Water (sea),,,,Environment Temperature(°C) pH Salinity(ppt) Habitat Terrestrial soil Host Culture conditions Media MSB+Xylan agar or Hu,Antarctic,True
Demequina,Bacteria,2,PAMC 21842,Demequina sp.,King George Island/South Shetland Islands/Antarctica,unknown,,,,Environment Temperature(°C) pH Salinity(ppt) Habitat Terrestrial soil Host Culture conditions Media MSB+Xylan agar or Hu,Antarctic,False
Demequina,Bacteria,2,PAMC 22109,Demequina sp.,King George Island/South Shetland Islands/Antarctica,Soil (sea shore),,,,Environment Temperature(°C) pH Salinity(ppt) Habitat Terrestrial soil Host Culture conditions Media MSB+Xylan agar or Hu,Antarctic,False
Paenisporosarcina,Bacteria,2,PAMC 22960,Paenisporosarcina quisquiliarum,Cara Sea/Cara Sea/Cara Sea/Russia/Europe,Sediment (marine),73.83479,67.58873,,Environment Temperature(°C) pH Salinity(ppt) Habitat Sediment (marine) Host Culture conditions Media Tryptic soy agar [4,Arctic,True
Paenisporosarcina,Bacteria,2,PAMC 23108,Paenisporosarcina quisquiliarum,Cara Sea/Cara Sea/Cara Sea/Russia/Europe,Sediment (marine),73.83479,67.58873,,Environment Temperature(°C) pH Salinity(ppt) Habitat Sediment (marine) Host Culture conditions Media Tryptic soy agar [4,Arctic,True
Paenisporosarcina,Bacteria,2,PAMC 23114,Paenisporosarcina quisquiliarum,Cara Sea/Cara Sea/Cara Sea/Russia/Europe,Sediment (marine),73.83479,67.58873,,Environment Temperature(°C) pH Salinity(ppt) Habitat Sediment (marine) Host Culture conditions Media Tryptic soy agar [4,Arctic,True
Paenisporosarcina,Bacteria,2,PAMC 23142,Paenisporosarcina quisquiliarum,Cara Sea/Cara Sea/Cara Sea/Russia/Europe,Sediment (marine),73.83479,67.58873,,Environment Temperature(°C) pH Salinity(ppt) Habitat Sediment (marine) Host Culture conditions Media Tryptic soy agar [4,Arctic,True
Paenisporosarcina,Bacteria,2,PAMC 23146,Paenisporosarcina quisquiliarum,Cara Sea/Cara Sea/Cara Sea/Russia/Europe,Sediment (marine),73.83479,67.58873,,Environment Temperature(°C) pH Salinity(ppt) Habitat Sediment (marine) Host Culture conditions Media Tryptic soy agar [4,Arctic,True
Paenisporosarcina,Bacteria,2,PAMC 23148,Paenisporosarcina quisquiliarum,Cara Sea/Cara Sea/Cara Sea/Russia/Europe,Sediment (marine),73.83479,67.58873,,Environment Temperature(°C) pH Salinity(ppt) Habitat Sediment (marine) Host Culture conditions Media Tryptic soy agar [4,Arctic,True
Paenisporosarcina,Bacteria,2,PAMC 28250,Paenisporosarcina sp.,Beaufort Sea/Arctic Ocean,Marine Sediment,70.80185,-136.09969,,Environment Temperature(°C) pH Salinity(ppt) Habitat Sea Water Host Culture conditions Media Temperature(°C) pH Aeration,Arctic,True
Paenisporosarcina,Bacteria,2,PAMC 28308,Paenisporosarcina sp.,Beaufort Sea/Arctic Ocean,Marine Sediment,70.80185,-136.09969,,Environment Temperature(°C) pH Salinity(ppt) Habitat Sea Water Host Culture conditions Media Temperature(°C) pH Aeration,Arctic,True
Gelidibacter,Bacteria,2,PAMC 21366,Gelidibacter sp.,King George Island/South Shetland Islands/Antarctica,Soil (sea shore),,,,Environment Temperature(°C) pH Salinity(ppt) Habitat Terrestrial soil Host Culture conditions Media MSB+Xylan agar or Hu,Antarctic,False
Rugamonas,Bacteria,2,PAMC 27410,Rugamonas sp.,Barton Peninsula/King George Island/South Shetland Islands/Antarctica,Fresh Water,-62.21967,-58.78667,,Environment Temperature(°C) pH Salinity(ppt) Habitat Sea water Host Culture conditions Media R2A agar [6] Temperature(°C,Antarctic,False
Rugamonas,Bacteria,2,PAMC 27411,Rugamonas rubra,Barton Peninsula/King George Island/South Shetland Islands/Antarctica,Fresh Water,-62.21967,-58.78667,,Environment Temperature(°C) pH Salinity(ppt) Habitat Sea water Host Culture conditions Media R2A agar [6] Temperature(°C,Antarctic,False
Rugamonas,Bacteria,2,PAMC 27431,Rugamonas rubra,Barton Peninsula/King George Island/South Shetland Islands/Antarctica,Fresh Water,-62.21967,-58.78667,,Environment Temperature(°C) pH Salinity(ppt) Habitat Sea water Host Culture conditions Media R2A agar [6] Temperature(°C,Antarctic,False
Rugamonas,Bacteria,2,PAMC 27515,Rugamonas rubra,Barton Peninsula/King George Island/South Shetland Islands/Antarctica,Fresh Water,-62.21967,-58.78667,,Environment Temperature(°C) pH Salinity(ppt) Habitat Sea water Host Culture conditions Media R2A agar [6] Temperature(°C,Antarctic,False
Rugamonas,Bacteria,2,PAMC 28401,Rugamonas sp.,Mountain Rwenzori/Western Uganda/Republic of Uganda/Africa,Terrestrial soil,,,,Environment Temperature(°C) pH Salinity(ppt) Habitat Terrestrial soil Host Culture conditions Media Temperature(°C) pH A,Other,False
Sanguibacter,Bacteria,2,PAMC 21703,Sanguibacter antarcticus,,,,,,Environment Temperature(°C) pH Salinity(ppt) Habitat Host Culture conditions Media Marine agar [66] Temperature(°C) 25 -,Other,False
Sanguibacter,Bacteria,2,PAMC 21704,Sanguibacter antarcticus,,,,,,Environment Temperature(°C) pH Salinity(ppt) Habitat Host Culture conditions Media Marine agar [66] Temperature(°C) 25 -,Other,False
Variovorax,Bacteria,2,PAMC 26660,Variovorax sp.,Yakutia/Russia/Europe,,,,,Environment Temperature(°C) pH Salinity(ppt) Habitat Terrestrial soil Host Culture conditions Media Selection media1 [92,Other,False
Variovorax,Bacteria,2,PAMC 28711,Variovorax sp.,Barton Peninsula/King George Island/South Shetland Islands/Antarctica,Lichen,-62.21967,-58.78667,,Environment Temperature(°C) pH Salinity(ppt) Habitat Sea water Host Culture conditions Media R2A agar [6] Temperature(°C,Antarctic,False
Variovorax,Bacteria,2,PAMC 27448,Variovorax boronicumulans,Barton Peninsula/King George Island/South Shetland Islands/Antarctica,Terrestrial soil,-62.21967,-58.78667,,Environment Temperature(°C) pH Salinity(ppt) Habitat Sea water Host Culture conditions Media R2A agar [6] Temperature(°C,Antarctic,False
Variovorax,Bacteria,2,PAMC 27495,Variovorax sp.,Barton Peninsula/King George Island/South Shetland Islands/Antarctica,Fresh Water,-62.21967,-58.78667,,Environment Temperature(°C) pH Salinity(ppt) Habitat Sea water Host Culture conditions Media R2A agar [6] Temperature(°C,Antarctic,False
Polaromonas,Bacteria,1,PAMC 25174,Polaromonas sp.,세종기지/세종호/Barton Peninsula/King George Island/South Shetland Islands/Antarctica,Water (fresh),-62.13,-58.47,,"기지 앞, 세종호 (호수의 대부분이 얼음으로 덮혀 있는 상태) Environment Temperature(°C) pH Salinity(ppt) Habitat Water (fresh) Host Culture condi",Antarctic,False
Salinibacterium,Bacteria,1,PAMC 21847,Salinibacterium amurskyense,King George Island/South Shetland Islands/Antarctica,unknown,,,,Environment Temperature(°C) pH Salinity(ppt) Habitat Terrestrial soil Host Culture conditions Media MSB+Xylan agar or Hu,Antarctic,False
Salinibacterium,Bacteria,1,PAMC 25176,Salinibacterium amurskyense,세종기지/펭귄마을 지나 연결된 해변/Barton Peninsula/King George Island/South Shetland Islands/Antarctica,Water (sea),-62.13,-58.47,,담수가 유입되는 곳 Environment Temperature(°C) pH Salinity(ppt) Habitat Water (sea) Host Culture conditions Media R2A agar [6] >,Antarctic,True
Salinibacterium,Bacteria,1,PAMC 25280,Salinibacterium amurskyense,세종기지/펭귄마을 방향 해안가 바위 위/Barton Peninsula/King George Island/South Shetland Islands/Antarctica,Water (sea),-62.22418,-58.7859,,수위가 높을때 들어온 해수가 정체되어 있는 곳 Environment Temperature(°C) pH Salinity(ppt) Habitat Water (sea) Host Culture conditions Media,Antarctic,True
Salinibacterium,Bacteria,1,PAMC 27385,Salinibacterium amurskyense,Potter Cove/King George Island/South Shetland Islands/Antarctica,Sea water,-62.24167,-58.67383,,Environment Temperature(°C) pH Salinity(ppt) Habitat Sea water Host Culture conditions Media R2A agar [6] Temperature(°C,Antarctic,True
Deinococcus,Bacteria,1,PAMC 26562,Deinococcus sp.,펭귄보호구역/Barton Penninsula/King George Island/South Shetland Islands/Antarctica,Lichen,-62.23438,-58.78202,8,"갈라파고스 둥지 방위 라말리나로 뒤덮힌 큰 바위위 Environment 심한바람, 햇빛 Temperature(°C) pH Salinity(ppt) Habitat Lichen Host Culture conditions",Antarctic,False
Deinococcus,Bacteria,1,PAMC 28445,Deinococcus claudionis,Mountain Rwenzori/Western Uganda/Republic of Uganda/Africa,Terrestrial soil,,,,Environment Temperature(°C) pH Salinity(ppt) Habitat Terrestrial soil Host Culture conditions Media Temperature(°C) pH A,Other,False
Brevibacterium,Bacteria,1,PAMC 22383,Brevibacterium frigoritolerans,Cara Sea/Cara Sea/Cara Sea/Russia/Europe,Sediment (marine),73.83479,67.58873,,Environment Temperature(°C) pH Salinity(ppt) Habitat Sediment (marine) Host Culture conditions Media Tryptic soy agar [4,Arctic,True
Brevibacterium,Bacteria,1,PAMC 22759,Brevibacterium halotolerans,Russian Harbor/Russian Harbor/Navaya Zemlya/Russia/Europe,Soil (terrestrial),76.11472,62.35436,,"Environment 1) Russian Harbor는 1950년대 NZI의 전초가지로 이미 패쇄된 기지임, 기지 주변이 지저분함; 2) 비교적 다양한 식생이 있었으나, 지의류는 1종이 있었으며, 이끼류에 의존하여 ",Arctic,False
Brevibacterium,Bacteria,1,PAMC 22768,Brevibacterium halotolerans,Russian Harbor/Russian Harbor/Navaya Zemlya/Russia/Europe,Soil (sea shore),76.11472,62.35436,,"Environment 1) Russian Harbor는 1950년대 NZI의 전초가지로 이미 패쇄된 기지임, 기지 주변이 지저분함; 2) 비교적 다양한 식생이 있었으나, 지의류는 1종이 있었으며, 이끼류에 의존하여 ",Arctic,False
Brevibacterium,Bacteria,1,PAMC 22775,Brevibacterium frigoritolerans,Barents Sea/Barents Sea/Barents Sea/Russia/Europe,Sediment (marine),76.49993,59.88318,,Environment Temperature(°C) pH Salinity(ppt) Habitat Sediment (marine) Host Culture conditions Media Tryptic soy agar [4,Arctic,True
Brevibacterium,Bacteria,1,PAMC 22778,Brevibacterium frigoritolerans,Cara Sea/Cara Sea/Cara Sea/Russia/Europe,Sediment (marine),73.83479,67.58873,,Environment Temperature(°C) pH Salinity(ppt) Habitat Sediment (marine) Host Culture conditions Media Tryptic soy agar [4,Arctic,True
Brevibacterium,Bacteria,1,PAMC 22779,Brevibacterium frigoritolerans,Cara Sea/Cara Sea/Cara Sea/Russia/Europe,Sediment (marine),73.83479,67.58873,,Environment Temperature(°C) pH Salinity(ppt) Habitat Sediment (marine) Host Culture conditions Media Tryptic soy agar [4,Arctic,True
Brevibacterium,Bacteria,1,PAMC 22780,Brevibacterium frigoritolerans,Cara Sea/Cara Sea/Cara Sea/Russia/Europe,Sediment (marine),73.83479,67.58873,,Environment Temperature(°C) pH Salinity(ppt) Habitat Sediment (marine) Host Culture conditions Media Tryptic soy agar [4,Arctic,True
Brevibacterium,Bacteria,1,PAMC 22790,Brevibacterium frigoritolerans,Cara Sea/Cara Sea/Cara Sea/Russia/Europe,Sediment (marine),73.83479,67.58873,,Environment Temperature(°C) pH Salinity(ppt) Habitat Sediment (marine) Host Culture conditions Media Tryptic soy agar [4,Arctic,True
Brevibacterium,Bacteria,1,PAMC 22803,Brevibacterium frigoritolerans,Cara Sea/Cara Sea/Cara Sea/Russia/Europe,Sediment (marine),73.83479,67.58873,,Environment Temperature(°C) pH Salinity(ppt) Habitat Sediment (marine) Host Culture conditions Media Tryptic soy agar [4,Arctic,True
Brevibacterium,Bacteria,1,PAMC 22810,Brevibacterium frigoritolerans,Cara Sea/Cara Sea/Cara Sea/Russia/Europe,Sediment (marine),73.83479,67.58873,,Environment Temperature(°C) pH Salinity(ppt) Habitat Sediment (marine) Host Culture conditions Media Tryptic soy agar [4,Arctic,True
Brevibacterium,Bacteria,1,PAMC 22811,Brevibacterium frigoritolerans,Cara Sea/Cara Sea/Cara Sea/Russia/Europe,Sediment (marine),73.83479,67.58873,,Environment Temperature(°C) pH Salinity(ppt) Habitat Sediment (marine) Host Culture conditions Media Tryptic soy agar [4,Arctic,True
Brevibacterium,Bacteria,1,PAMC 22818,Brevibacterium frigoritolerans,Cara Sea/Cara Sea/Cara Sea/Russia/Europe,Sediment (marine),73.83479,67.58873,,Environment Temperature(°C) pH Salinity(ppt) Habitat Sediment (marine) Host Culture conditions Media Tryptic soy agar [4,Arctic,True
Brevibacterium,Bacteria,1,PAMC 22823,Brevibacterium frigoritolerans,Cara Sea/Cara Sea/Cara Sea/Russia/Europe,Sediment (marine),73.83479,67.58873,,Environment Temperature(°C) pH Salinity(ppt) Habitat Sediment (marine) Host Culture conditions Media Tryptic soy agar [4,Arctic,True
Brevibacterium,Bacteria,1,PAMC 22828,Brevibacterium frigoritolerans,Cara Sea/Cara Sea/Cara Sea/Russia/Europe,Sediment (marine),73.83479,67.58873,,Environment Temperature(°C) pH Salinity(ppt) Habitat Sediment (marine) Host Culture conditions Media Tryptic soy agar [4,Arctic,True
Brevibacterium,Bacteria,1,PAMC 22831,Brevibacterium frigoritolerans,Cara Sea/Cara Sea/Cara Sea/Russia/Europe,Sediment (marine),73.83479,67.58873,,Environment Temperature(°C) pH Salinity(ppt) Habitat Sediment (marine) Host Culture conditions Media Tryptic soy agar [4,Arctic,True
Brevibacterium,Bacteria,1,PAMC 22834,Brevibacterium frigoritolerans,Cara Sea/Cara Sea/Cara Sea/Russia/Europe,Sediment (marine),73.83479,67.58873,,Environment Temperature(°C) pH Salinity(ppt) Habitat Sediment (marine) Host Culture conditions Media Tryptic soy agar [4,Arctic,True
Brevibacterium,Bacteria,1,PAMC 22838,Brevibacterium frigoritolerans,Cara Sea/Cara Sea/Cara Sea/Russia/Europe,Sediment (marine),73.83479,67.58873,,Environment Temperature(°C) pH Salinity(ppt) Habitat Sediment (marine) Host Culture conditions Media Tryptic soy agar [4,Arctic,True
Brevibacterium,Bacteria,1,PAMC 22839,Brevibacterium frigoritolerans,Cara Sea/Cara Sea/Cara Sea/Russia/Europe,Sediment (marine),73.83479,67.58873,,Environment Temperature(°C) pH Salinity(ppt) Habitat Sediment (marine) Host Culture conditions Media Tryptic soy agar [4,Arctic,True
Brevibacterium,Bacteria,1,PAMC 22840,Brevibacterium frigoritolerans,Cara Sea/Cara Sea/Cara Sea/Russia/Europe,Sediment (marine),73.83479,67.58873,,Environment Temperature(°C) pH Salinity(ppt) Habitat Sediment (marine) Host Culture conditions Media Tryptic soy agar [4,Arctic,True
Brevibacterium,Bacteria,1,PAMC 22851,Brevibacterium frigoritolerans,Cara Sea/Cara Sea/Cara Sea/Russia/Europe,Sediment (marine),73.83479,67.58873,,Environment Temperature(°C) pH Salinity(ppt) Habitat Sediment (marine) Host Culture conditions Media Tryptic soy agar [4,Arctic,True
Brevibacterium,Bacteria,1,PAMC 22858,Brevibacterium frigoritolerans,Cara Sea/Cara Sea/Cara Sea/Russia/Europe,Sediment (marine),73.83479,67.58873,,Environment Temperature(°C) pH Salinity(ppt) Habitat Sediment (marine) Host Culture conditions Media Tryptic soy agar [4,Arctic,True
Brevibacterium,Bacteria,1,PAMC 22865,Brevibacterium frigoritolerans,Cara Sea/Cara Sea/Cara Sea/Russia/Europe,Sediment (marine),73.83479,67.58873,,Environment Temperature(°C) pH Salinity(ppt) Habitat Sediment (marine) Host Culture conditions Media Tryptic soy agar [4,Arctic,True
Brevibacterium,Bacteria,1,PAMC 22873,Brevibacterium frigoritolerans,Cara Sea/Cara Sea/Cara Sea/Russia/Europe,Sediment (marine),73.83479,67.58873,,Environment Temperature(°C) pH Salinity(ppt) Habitat Sediment (marine) Host Culture conditions Media Tryptic soy agar [4,Arctic,True
Brevibacterium,Bacteria,1,PAMC 22899,Brevibacterium frigoritolerans,Cara Sea/Cara Sea/Cara Sea/Russia/Europe,Sediment (marine),73.83479,67.58873,,Environment Temperature(°C) pH Salinity(ppt) Habitat Sediment (marine) Host Culture conditions Media Tryptic soy agar [4,Arctic,True
Brevibacterium,Bacteria,1,PAMC 22903,Brevibacterium frigoritolerans,Cara Sea/Cara Sea/Cara Sea/Russia/Europe,Sediment (marine),73.83479,67.58873,,Environment Temperature(°C) pH Salinity(ppt) Habitat Sediment (marine) Host Culture conditions Media Tryptic soy agar [4,Arctic,True
Brevibacterium,Bacteria,1,PAMC 22909,Brevibacterium frigoritolerans,Cara Sea/Cara Sea/Cara Sea/Russia/Europe,Sediment (marine),73.83479,67.58873,,Environment Temperature(°C) pH Salinity(ppt) Habitat Sediment (marine) Host Culture conditions Media Tryptic soy agar [4,Arctic,True
Brevibacterium,Bacteria,1,PAMC 22917,Brevibacterium frigoritolerans,Cara Sea/Cara Sea/Cara Sea/Russia/Europe,Sediment (marine),73.83479,67.58873,,Environment Temperature(°C) pH Salinity(ppt) Habitat Sediment (marine) Host Culture conditions Media Tryptic soy agar [4,Arctic,True
Brevibacterium,Bacteria,1,PAMC 22918,Brevibacterium frigoritolerans,Cara Sea/Cara Sea/Cara Sea/Russia/Europe,Sediment (marine),73.83479,67.58873,,Environment Temperature(°C) pH Salinity(ppt) Habitat Sediment (marine) Host Culture conditions Media Tryptic soy agar [4,Arctic,True
Brevibacterium,Bacteria,1,PAMC 22944,Brevibacterium frigoritolerans,Cara Sea/Cara Sea/Cara Sea/Russia/Europe,Sediment (marine),73.83479,67.58873,,Environment Temperature(°C) pH Salinity(ppt) Habitat Sediment (marine) Host Culture conditions Media Tryptic soy agar [4,Arctic,True
Brevibacterium,Bacteria,1,PAMC 22947,Brevibacterium frigoritolerans,Cara Sea/Cara Sea/Cara Sea/Russia/Europe,Sediment (marine),73.83479,67.58873,,Environment Temperature(°C) pH Salinity(ppt) Habitat Sediment (marine) Host Culture conditions Media Tryptic soy agar [4,Arctic,True
Brevibacterium,Bacteria,1,PAMC 22948,Brevibacterium frigoritolerans,Cara Sea/Cara Sea/Cara Sea/Russia/Europe,Sediment (marine),73.83479,67.58873,,Environment Temperature(°C) pH Salinity(ppt) Habitat Sediment (marine) Host Culture conditions Media Tryptic soy agar [4,Arctic,True
Brevibacterium,Bacteria,1,PAMC 22949,Brevibacterium frigoritolerans,Cara Sea/Cara Sea/Cara Sea/Russia/Europe,Sediment (marine),73.83479,67.58873,,Environment Temperature(°C) pH Salinity(ppt) Habitat Sediment (marine) Host Culture conditions Media Tryptic soy agar [4,Arctic,True
Brevibacterium,Bacteria,1,PAMC 22954,Brevibacterium frigoritolerans,Cara Sea/Cara Sea/Cara Sea/Russia/Europe,Sediment (marine),73.83479,67.58873,,Environment Temperature(°C) pH Salinity(ppt) Habitat Sediment (marine) Host Culture conditions Media Tryptic soy agar [4,Arctic,True
Brevibacterium,Bacteria,1,PAMC 22956,Brevibacterium frigoritolerans,Cara Sea/Cara Sea/Cara Sea/Russia/Europe,Sediment (marine),73.83479,67.58873,,Environment Temperature(°C) pH Salinity(ppt) Habitat Sediment (marine) Host Culture conditions Media Tryptic soy agar [4,Arctic,True
Brevibacterium,Bacteria,1,PAMC 22958,Brevibacterium frigoritolerans,Cara Sea/Cara Sea/Cara Sea/Russia/Europe,Sediment (marine),73.83479,67.58873,,Environment Temperature(°C) pH Salinity(ppt) Habitat Sediment (marine) Host Culture conditions Media Tryptic soy agar [4,Arctic,True
Brevibacterium,Bacteria,1,PAMC 23085,Brevibacterium frigoritolerans,Cara Sea/Cara Sea/Cara Sea/Russia/Europe,Sediment (marine),73.83479,67.58873,,Environment Temperature(°C) pH Salinity(ppt) Habitat Sediment (marine) Host Culture conditions Media Tryptic soy agar [4,Arctic,True
Brevibacterium,Bacteria,1,PAMC 23092,Brevibacterium frigoritolerans,Cara Sea/Cara Sea/Cara Sea/Russia/Europe,Sediment (marine),73.83479,67.58873,,Environment Temperature(°C) pH Salinity(ppt) Habitat Sediment (marine) Host Culture conditions Media Tryptic soy agar [4,Arctic,True
Brevibacterium,Bacteria,1,PAMC 23139,Brevibacterium frigoritolerans,Cara Sea/Cara Sea/Cara Sea/Russia/Europe,Sediment (marine),73.83479,67.58873,,Environment Temperature(°C) pH Salinity(ppt) Habitat Sediment (marine) Host Culture conditions Media Tryptic soy agar [4,Arctic,True
Brevibacterium,Bacteria,1,PAMC 23164,Brevibacterium frigoritolerans,Cara Sea/Cara Sea/Cara Sea/Russia/Europe,Sediment (marine),73.83479,67.58873,,Environment Temperature(°C) pH Salinity(ppt) Habitat Sediment (marine) Host Culture conditions Media Tryptic soy agar [4,Arctic,True
Brevibacterium,Bacteria,1,PAMC 23176,Brevibacterium frigoritolerans,Cara Sea/Cara Sea/Cara Sea/Russia/Europe,Sediment (marine),73.83479,67.58873,,Environment Temperature(°C) pH Salinity(ppt) Habitat Sediment (marine) Host Culture conditions Media Tryptic soy agar [4,Arctic,True
Brevibacterium,Bacteria,1,PAMC 23200,Brevibacterium frigoritolerans,Cara Sea/Cara Sea/Cara Sea/Russia/Europe,Sediment (marine),73.83479,67.58873,,Environment Temperature(°C) pH Salinity(ppt) Habitat Sediment (marine) Host Culture conditions Media Tryptic soy agar [4,Arctic,True
Brevibacterium,Bacteria,1,PAMC 23248,Brevibacterium frigoritolerans,Cara Sea/Cara Sea/Cara Sea/Russia/Europe,Sediment (marine),73.83479,67.58873,,Environment Temperature(°C) pH Salinity(ppt) Habitat Sediment (marine) Host Culture conditions Media Tryptic soy agar [4,Arctic,True
Brevibacterium,Bacteria,1,PAMC 23252,Brevibacterium frigoritolerans,Cara Sea/Cara Sea/Cara Sea/Russia/Europe,Sediment (marine),73.83479,67.58873,,Environment Temperature(°C) pH Salinity(ppt) Habitat Sediment (marine) Host Culture conditions Media Tryptic soy agar [4,Arctic,True
Brevibacterium,Bacteria,1,PAMC 23299,Brevibacterium frigoritolerans,Barents Sea/Barents Sea/Barents Sea/Russia/Europe,Sediment (marine),76.49993,59.88318,,Environment Temperature(°C) pH Salinity(ppt) Habitat Sediment (marine) Host Culture conditions Media Tryptic soy agar [4,Arctic,True
Brevibacterium,Bacteria,1,PAMC 23317,Brevibacterium frigoritolerans,Cara Sea/Cara Sea/Cara Sea/Russia/Europe,Sediment (marine),73.83479,67.58873,,Environment Temperature(°C) pH Salinity(ppt) Habitat Sediment (marine) Host Culture conditions Media Tryptic soy agar [4,Arctic,True
Brevibacterium,Bacteria,1,PAMC 23318,Brevibacterium frigoritolerans,Cara Sea/Cara Sea/Cara Sea/Russia/Europe,Sediment (marine),73.83479,67.58873,,Environment Temperature(°C) pH Salinity(ppt) Habitat Sediment (marine) Host Culture conditions Media Tryptic soy agar [4,Arctic,True
Brevibacterium,Bacteria,1,PAMC 23326,Brevibacterium frigoritolerans,Cara Sea/Cara Sea/Cara Sea/Russia/Europe,Sediment (marine),73.83479,67.58873,,Environment Temperature(°C) pH Salinity(ppt) Habitat Sediment (marine) Host Culture conditions Media Tryptic soy agar [4,Arctic,True
Brevibacterium,Bacteria,1,PAMC 23361,Brevibacterium frigoritolerans,Cara Sea/Cara Sea/Cara Sea/Russia/Europe,Sediment (marine),73.83479,67.58873,,Environment Temperature(°C) pH Salinity(ppt) Habitat Sediment (marine) Host Culture conditions Media Tryptic soy agar [4,Arctic,True
Brevibacterium,Bacteria,1,PAMC 23373,Brevibacterium frigoritolerans,Cara Sea/Cara Sea/Cara Sea/Russia/Europe,Sediment (marine),73.83479,67.58873,,Environment Temperature(°C) pH Salinity(ppt) Habitat Sediment (marine) Host Culture conditions Media Tryptic soy agar [4,Arctic,True
Brevibacterium,Bacteria,1,PAMC 23439,Brevibacterium frigoritolerans,Cara Sea/Cara Sea/Cara Sea/Russia/Europe,Sediment (marine),73.83479,67.58873,,Environment Temperature(°C) pH Salinity(ppt) Habitat Sediment (marine) Host Culture conditions Media Tryptic soy agar [4,Arctic,True
Brevibacterium,Bacteria,1,PAMC 23449,Brevibacterium frigoritolerans,Cara Sea/Cara Sea/Cara Sea/Russia/Europe,Sediment (marine),73.83479,67.58873,,Environment Temperature(°C) pH Salinity(ppt) Habitat Sediment (marine) Host Culture conditions Media Tryptic soy agar [4,Arctic,True
Brevibacterium,Bacteria,1,PAMC 23505,Brevibacterium frigoritolerans,Cara Sea/Cara Sea/Cara Sea/Russia/Europe,Sediment (marine),73.83479,67.58873,,Environment Temperature(°C) pH Salinity(ppt) Habitat Sediment (marine) Host Culture conditions Media Tryptic soy agar [4,Arctic,True
Brevibacterium,Bacteria,1,PAMC 23548,Brevibacterium frigoritolerans,Cara Sea/Cara Sea/Cara Sea/Russia/Europe,Sediment (marine),73.83479,67.58873,,Environment Temperature(°C) pH Salinity(ppt) Habitat Sediment (marine) Host Culture conditions Media Tryptic soy agar [4,Arctic,True
Brevibacterium,Bacteria,1,PAMC 23554,Brevibacterium frigoritolerans,Cara Sea/Cara Sea/Cara Sea/Russia/Europe,Sediment (marine),73.83479,67.58873,,Environment Temperature(°C) pH Salinity(ppt) Habitat Sediment (marine) Host Culture conditions Media Tryptic soy agar [4,Arctic,True
Brevibacterium,Bacteria,1,PAMC 23585,Brevibacterium frigoritolerans,Cara Sea/Cara Sea/Cara Sea/Russia/Europe,Sediment (marine),73.83479,67.58873,,Environment Temperature(°C) pH Salinity(ppt) Habitat Sediment (marine) Host Culture conditions Media Tryptic soy agar [4,Arctic,True
Brevibacterium,Bacteria,1,PAMC 25091,Brevibacterium frigoritolerans,Cara Sea/Cara Sea/Cara Sea/Russia/Europe,Sediment (marine),73.83479,67.58873,,Environment Temperature(°C) pH Salinity(ppt) Habitat Sediment (marine) Host Culture conditions Media Tryptic soy agar [4,Arctic,True
Brevibacterium,Bacteria,1,PAMC 27091,Brevibacterium frigoritolerans,Australian-Antarctic Ridge/Southern Ocean,Marine Sediment,-60.08503,152.43637,,Environment Temperature(°C) pH Salinity(ppt) Habitat Marine Sediment Host Culture conditions Media MR2A agar [12] Temper,Antarctic,True
Brevibacterium,Bacteria,1,PAMC 27092,Brevibacterium frigoritolerans,Australian-Antarctic Ridge/Southern Ocean,Marine Sediment,-60.08503,152.43637,,Environment Temperature(°C) pH Salinity(ppt) Habitat Marine Sediment Host Culture conditions Media MR2A agar [12] Temper,Antarctic,True
Brevibacterium,Bacteria,1,PAMC 27093,Brevibacterium frigoritolerans,Australian-Antarctic Ridge/Southern Ocean,Marine Sediment,-60.08503,152.43637,,Environment Temperature(°C) pH Salinity(ppt) Habitat Marine Sediment Host Culture conditions Media MR2A agar [12] Temper,Antarctic,True
Brevibacterium,Bacteria,1,PAMC 27156,Brevibacterium frigoritolerans,Chukchi Sea/Arctic Ocean,Sea water,82.17917,-171.86833,,Environment Temperature(°C) pH Salinity(ppt) Habitat Sea ice Host Culture conditions Media Marine agar [66] Temperature(,Arctic,True
Frigoribacterium,Bacteria,1,PAMC 26555,Frigoribacterium sp.,Barton Penninsula/King George Island/South Shetland Islands/Antarctica,Lichen,-62.22605,-58.78357,53,"Usnea, 이끼 등이 혼재하는 자갈밭 이끼 사이 Environment 바람세고, 눈덮힘 Temperature(°C) pH Salinity(ppt) Habitat Lichen Host Culture condition",Antarctic,False
Frigoribacterium,Bacteria,1,PAMC 28457,Frigoribacterium sp.,Mountain Rwenzori/Western Uganda/Republic of Uganda/Africa,Terrestrial soil,,,,Environment Temperature(°C) pH Salinity(ppt) Habitat Terrestrial soil Host Culture conditions Media Temperature(°C) pH A,Other,False
Algoriphagus,Bacteria,1,PAMC 20935,Algoriphagus sp.,Ny-Ålesund/Svalbard/Norway,Sediment (marine),78.55,11.53,,Sediment 2 of King's Bay Environment Temperature(°C) pH Salinity(ppt) Habitat unknown Host Culture conditions Media ZoBe,Arctic,True
Algoriphagus,Bacteria,1,PAMC 22085,Algoriphagus aquimarinus,King George Island/South Shetland Islands/Antarctica,Soil (sea shore),,,,Environment Temperature(°C) pH Salinity(ppt) Habitat Terrestrial soil Host Culture conditions Media MSB+Xylan agar or Hu,Antarctic,False
Algoriphagus,Bacteria,1,PAMC 22216,Algoriphagus ratkowskyi,Ny-Ålesund/Svalbard/Norway/Europe,Sediment (marine),78.92267,11.89147,,Environment Temperature(°C) pH Salinity(ppt) Habitat Sediment (marine) Host Culture conditions Media ZoBell agar [2] Tem,Arctic,True
Algoriphagus,Bacteria,1,PAMC 22218,Algoriphagus sp.,Ny-Ålesund/Svalbard/Norway/Europe,Sediment (marine),78.92267,11.89147,,Environment Temperature(°C) pH Salinity(ppt) Habitat Sediment (marine) Host Culture conditions Media ZoBell agar [2] Tem,Arctic,True
Algoriphagus,Bacteria,1,PAMC 22350,Algoriphagus sp.,Kongsfijorden 선착장/Ny-Ålesund/Svalbard/Norway/Europe,Biofilm,78.92267,11.89147,,Environment Temperature(°C) pH Salinity(ppt) Habitat Biofilm Host Culture conditions Media ZoBell agar [2] Temperature(°,Arctic,False
Algoriphagus,Bacteria,1,PAMC 22352,Algoriphagus sp.,Kongsfijorden 선착장/Ny-Ålesund/Svalbard/Norway/Europe,Biofilm,78.92267,11.89147,,Environment Temperature(°C) pH Salinity(ppt) Habitat Biofilm Host Culture conditions Media ZoBell agar [2] Temperature(°,Arctic,False
Algoriphagus,Bacteria,1,PAMC 26833,Algoriphagus sp.,Yakutia/Russia/Europe,Terrestrial soil,,,,Environment Temperature(°C) pH Salinity(ppt) Habitat Terrestrial soil Host Culture conditions Media Selection media1 [92,Other,False
Algoriphagus,Bacteria,1,PAMC 27152,Algoriphagus sp.,Bering sea/Pacific Ocean,sea water,62.50111,-174.0,,Environment Temperature(°C) pH Salinity(ppt) Habitat sea water Host Culture conditions Media Marine agar [66] Temperatur,Arctic,True
Albidiferax,Bacteria,1,PAMC 25181,Albidiferax sp.,세종기지/세종호/Barton Peninsula/King George Island/South Shetland Islands/Antarctica,Water (fresh),-62.13,-58.47,,"기지 앞, 세종호 (호수의 대부분이 얼음으로 덮혀 있는 상태) Environment Temperature(°C) pH Salinity(ppt) Habitat Water (fresh) Host Culture condi",Antarctic,False
Agrococcus,Bacteria,1,PAMC 27158,Agrococcus sp.,Chukchi Sea/Arctic Ocean,marine sediment,82.17917,-171.86833,,Environment Temperature(°C) pH Salinity(ppt) Habitat Sea ice Host Culture conditions Media Marine agar [66] Temperature(,Arctic,True
Actimicrobium,Bacteria,1,PAMC 25157,Actimicrobium antarcticum,세종기지/펭귄마을 지나 연결된 해변/Barton Peninsula/King George Island/South Shetland Islands/Antarctica,Water (sea),-62.13,-58.47,,담수가 유입되는 곳 Environment Temperature(°C) pH Salinity(ppt) Habitat Water (sea) Host Culture conditions Media R2A agar [6] >,Antarctic,True
Acidovorax,Bacteria,1,PAMC 26291,Acidovorax defluvii,Mongol/Asia,Fresh water,,,,Environment Temperature(°C) pH Salinity(ppt) Habitat Fresh water Host Culture conditions Media 0.2X R2A agar [64] Temper,Other,False
Aureimonas,Bacteria,1,PAMC 27157,Aureimonas sp.,Chukchi Sea/Arctic Ocean,Sea water,82.17917,-171.86833,,Environment Temperature(°C) pH Salinity(ppt) Habitat Sea ice Host Culture conditions Media Marine agar [66] Temperature(,Arctic,True
Aurantimonas,Bacteria,1,PAMC 22270,Aurantimonas coralicida,Kongsfijorden 선착장/Ny-Ålesund/Svalbard/Norway/Europe,Biofilm,78.92267,11.89147,,Environment Temperature(°C) pH Salinity(ppt) Habitat Biofilm Host Culture conditions Media ZoBell agar [2] Temperature(°,Arctic,False
Aurantimonas,Bacteria,1,PAMC 27170,Aurantimonas sp.,Chukchi Sea/Arctic Ocean,Sea ice,82.17917,-171.86833,,Environment Temperature(°C) pH Salinity(ppt) Habitat Sea ice Host Culture conditions Media Marine agar [66] Temperature(,Arctic,True
Frondihabitans,Bacteria,1,PAMC 26588,Frondihabitans sp.,Dasan Korean Arctic Station/Ny-Ålesund/Svalbard/Norway/Europe,lichen,78.9123,11.95463,56,다양한 식물과 지의류 관찰되는 돌로 이루어진 언덕 돌이 많은 곳의 이끼 위 Environment 다산기지 사격장과 길가 사이 언덕 Temperature(°C) 8 pH Salinity(ppt) Habitat lich,Arctic,False
Frondihabitans,Bacteria,1,PAMC 26612,Frondihabitans sp.,펭귄보호구역/Barton Penninsula/King George Island/South Shetland Islands/Antarctica,Lichen,-62.23438,-58.78202,8,"갈라파고스 둥지 방위 라말리나로 뒤덮힌 큰 바위위 Environment 심한바람, 햇빛 Temperature(°C) pH Salinity(ppt) Habitat Lichen Host Culture conditions",Antarctic,False
Frondihabitans,Bacteria,1,PAMC 26613,Frondihabitans sp.,펭귄보호구역/Barton Penninsula/King George Island/South Shetland Islands/Antarctica,Lichen,-62.23438,-58.78202,8,"갈라파고스 둥지 방위 라말리나로 뒤덮힌 큰 바위위 Environment 심한바람, 햇빛 Temperature(°C) pH Salinity(ppt) Habitat Lichen Host Culture conditions",Antarctic,False
Frondihabitans,Bacteria,1,PAMC 26614,Frondihabitans sp.,Barton Penninsula/King George Island/South Shetland Islands/Antarctica,Lichen,-62.22605,-58.78357,53,"Usnea, 이끼 등이 혼재하는 자갈밭 이끼 사이 Environment 바람세고, 눈덮힘 Temperature(°C) pH Salinity(ppt) Habitat Lichen Host Culture condition",Antarctic,False
Frondihabitans,Bacteria,1,PAMC 26615,Frondihabitans sp.,Dasan Korean Arctic Station/Ny-Ålesund/Svalbard/Norway/Europe,lichen,78.9123,11.95463,56,다양한 식물과 지의류 관찰되는 돌로 이루어진 언덕 돌이 많은 곳의 이끼 위 Environment 다산기지 사격장과 길가 사이 언덕 Temperature(°C) 8 pH Salinity(ppt) Habitat lich,Arctic,False
Frondihabitans,Bacteria,1,PAMC 26616,Frondihabitans sp.,Dasan Korean Arctic Station/Ny-Ålesund/Svalbard/Norway/Europe,lichen,78.9123,11.95463,56,다양한 식물과 지의류 관찰되는 돌로 이루어진 언덕 돌이 많은 곳의 이끼 위 Environment 다산기지 사격장과 길가 사이 언덕 Temperature(°C) 8 pH Salinity(ppt) Habitat lich,Arctic,False
Frondihabitans,Bacteria,1,PAMC 26629,Frondihabitans sp.,Dasan Korean Arctic Station/Ny-Ålesund/Svalbard/Norway/Europe,lichen,78.9123,11.95463,56,다양한 식물과 지의류 관찰되는 돌로 이루어진 언덕 돌이 많은 곳의 이끼 위 Environment 다산기지 사격장과 길가 사이 언덕 Temperature(°C) 8 pH Salinity(ppt) Habitat lich,Arctic,False
Frondihabitans,Bacteria,1,PAMC 26910,Frondihabitans sp.,Barton Peninsula/King George Island/South Shetland Islands/Antarctica,Lichen,-62.21967,-58.78667,,Environment Temperature(°C) pH Salinity(ppt) Habitat Sea water Host Culture conditions Media R2A agar [6] Temperature(°C,Antarctic,False
Frondihabitans,Bacteria,1,PAMC 28405,Frondihabitans australicus,Mountain Rwenzori/Western Uganda/Republic of Uganda/Africa,Terrestrial soil,,,,Environment Temperature(°C) pH Salinity(ppt) Habitat Terrestrial soil Host Culture conditions Media Temperature(°C) pH A,Other,False
Frondihabitans,Bacteria,1,PAMC 28411,Frondihabitans australicus,Mountain Rwenzori/Western Uganda/Republic of Uganda/Africa,Glacial,,,,Environment Temperature(°C) pH Salinity(ppt) Habitat Terrestrial soil Host Culture conditions Media Temperature(°C) pH A,Other,False
Frondihabitans,Bacteria,1,PAMC 28416,Frondihabitans australicus,Mountain Rwenzori/Western Uganda/Republic of Uganda/Africa,Glacial,,,,Environment Temperature(°C) pH Salinity(ppt) Habitat Terrestrial soil Host Culture conditions Media Temperature(°C) pH A,Other,False
Frondihabitans,Bacteria,1,PAMC 28456,Frondihabitans sp.,Mountain Rwenzori/Western Uganda/Republic of Uganda/Africa,Terrestrial soil,,,,Environment Temperature(°C) pH Salinity(ppt) Habitat Terrestrial soil Host Culture conditions Media Temperature(°C) pH A,Other,False
Frondihabitans,Bacteria,1,PAMC 28461,Frondihabitans sp.,Mountain Rwenzori/Western Uganda/Republic of Uganda/Africa,Terrestrial soil,,,,Environment Temperature(°C) pH Salinity(ppt) Habitat Terrestrial soil Host Culture conditions Media Temperature(°C) pH A,Other,False
Frondihabitans,Bacteria,1,PAMC 28766,Frondihabitans sp.,세종기지 유류탱크 뒤쪽/Barton Peninsula/King George Island/South Shetland Islands/Antarctica,Lichen,-62.22405,-58.78495,-,Environment Temperature(°C) pH Salinity(ppt) Habitat Lichen Host Culture conditions Media Temperature(°C) pH Aeration ae,Antarctic,False
Paracoccus,Bacteria,1,PAMC 22210,Paracoccus sp.,Ny-Ålesund/Svalbard/Norway/Europe,Sediment (marine),78.92267,11.89147,,Environment Temperature(°C) pH Salinity(ppt) Habitat Sediment (marine) Host Culture conditions Media ZoBell agar [2] Tem,Arctic,True
Paracoccus,Bacteria,1,PAMC 22214,Paracoccus sp.,Ny-Ålesund/Svalbard/Norway/Europe,Sediment (marine),78.92267,11.89147,,Environment Temperature(°C) pH Salinity(ppt) Habitat Sediment (marine) Host Culture conditions Media ZoBell agar [2] Tem,Arctic,True
Paracoccus,Bacteria,1,PAMC 22219,Paracoccus sp.,Ny-Ålesund/Svalbard/Norway/Europe,Sediment (marine),78.92267,11.89147,,Environment Temperature(°C) pH Salinity(ppt) Habitat Sediment (marine) Host Culture conditions Media ZoBell agar [2] Tem,Arctic,True
Paracoccus,Bacteria,1,PAMC 22235,Paracoccus sp.,Kongsfijorden 선착장/Ny-Ålesund/Svalbard/Norway/Europe,Biofilm,78.92267,11.89147,,Environment Temperature(°C) pH Salinity(ppt) Habitat Biofilm Host Culture conditions Media ZoBell agar [2] Temperature(°,Arctic,False
Paracoccus,Bacteria,1,PAMC 22277,Paracoccus sp.,Kongsfijorden 선착장/Ny-Ålesund/Svalbard/Norway/Europe,Biofilm,78.92267,11.89147,,Environment Temperature(°C) pH Salinity(ppt) Habitat Biofilm Host Culture conditions Media ZoBell agar [2] Temperature(°,Arctic,False
Hoeflea,Bacteria,1,PAMC 22168,Hoeflea sp.,Kongsfijorden 선착장/Ny-Ålesund/Svalbard/Norway/Europe,Biofilm,78.92267,11.89147,,Environment Temperature(°C) pH Salinity(ppt) Habitat Biofilm Host Culture conditions Media ZoBell agar [2] Temperature(°,Arctic,False
Glaciimonas,Bacteria,1,PAMC 28413,Glaciimonas sp.,Mountain Rwenzori/Western Uganda/Republic of Uganda/Africa,Glacial,,,,Environment Temperature(°C) pH Salinity(ppt) Habitat Terrestrial soil Host Culture conditions Media Temperature(°C) pH A,Other,False
Glaciimonas,Bacteria,1,PAMC 28417,Glaciimonas sp.,Mountain Rwenzori/Western Uganda/Republic of Uganda/Africa,Glacial,,,,Environment Temperature(°C) pH Salinity(ppt) Habitat Terrestrial soil Host Culture conditions Media Temperature(°C) pH A,Other,False
Glaciimonas,Bacteria,1,PAMC 28418,Glaciimonas sp.,Mountain Rwenzori/Western Uganda/Republic of Uganda/Africa,Glacial,,,,Environment Temperature(°C) pH Salinity(ppt) Habitat Terrestrial soil Host Culture conditions Media Temperature(°C) pH A,Other,False
Gillisia,Bacteria,1,PAMC 21784,Gillisia mitskevichiae,,,,,,Environment Temperature(°C) pH Salinity(ppt) Habitat Host Culture conditions Media Marine agar [66] Temperature(°C) 25 -,Other,False
Gillisia,Bacteria,1,PAMC 25284,Gillisia sp.,세종기지/펭귄마을 뱡향 해안가 바위 근처/Barton Peninsula/King George Island/South Shetland Islands/Antarctica,Water (sea),-62.2256,-58.78423,,펭귄마을 가는 해안길에 새들이 서식하는 해안가 바위 앞 해안 Environment Temperature(°C) pH Salinity(ppt) Habitat Water (sea) Host Culture conditio,Antarctic,True
Lysobacter,Bacteria,1,PAMC 26835,Lysobacter antibioticus,Yakutia/Russia/Europe,Terrestrial soil,,,,Environment Temperature(°C) pH Salinity(ppt) Habitat Terrestrial soil Host Culture conditions Media Selection media1 [92,Other,False
Marisediminicola,Bacteria,1,PAMC 27228,Marisediminicola antarctica,Ross sea/Antarctica,Sea sediment,,,,Environment Temperature(°C) 7.74 pH -2.2 Salinity(ppt) 15 Habitat Sea sediment Host Culture conditions Media Marine agar,Antarctic,True
